"USERID","Party"
100000,"Federalists"
100001,"Federalists"
100002,"Federalists"
100003,"Federalists"
100004,"Federalists"
100005,"Know_It_Alls"
100006,"Know_Nothings"
100007,"Federalists"
100008,"Know_Nothings"
100009,"Know_Nothings"
100010,"Know_Nothings"
100011,"Know_Somethings"
100012,"Know_It_Alls"
100013,"Know_Somethings"
100014,"Know_Nothings"
100015,"Federalists"
100016,"Federalists"
100017,"Know_Somethings"
100018,"Know_Somethings"
100019,"Federalists"
100020,"Federalists"
100021,"Know_Somethings"
100022,"Federalists"
100023,"Federalists"
100024,"Know_Nothings"
100025,"Know_Nothings"
100026,"Know_Nothings"
100027,"Know_Nothings"
100028,"Federalists"
100029,"Know_It_Alls"
100030,"Know_It_Alls"
100031,"Federalists"
100032,"Know_It_Alls"
100033,"Know_Nothings"
100034,"Federalists"
100035,"Federalists"
100036,"Know_Nothings"
100037,"Federalists"
100038,"Federalists"
100039,"Know_It_Alls"
100040,"Know_Nothings"
100041,"Know_Nothings"
100042,"Federalists"
100043,"Know_Nothings"
100044,"Know_It_Alls"
100045,"Know_Nothings"
100046,"Federalists"
100047,"Know_It_Alls"
100048,"Federalists"
100049,"Federalists"
100050,"Federalists"
100051,"Federalists"
100052,"Know_It_Alls"
100053,"Know_It_Alls"
100054,"Know_Somethings"
100055,"Know_Nothings"
100056,"Know_Nothings"
100057,"Know_Nothings"
100058,"Know_Somethings"
100059,"Know_Nothings"
100060,"Know_Nothings"
100061,"Know_Somethings"
100062,"Know_Nothings"
100063,"Federalists"
100064,"Federalists"
100065,"Know_Nothings"
100066,"Know_It_Alls"
100067,"Federalists"
100068,"Know_It_Alls"
100069,"Federalists"
100070,"Federalists"
100071,"Federalists"
100072,"Know_It_Alls"
100073,"Know_Somethings"
100074,"Know_It_Alls"
100075,"Know_Nothings"
100076,"Know_Nothings"
100077,"Know_Nothings"
100078,"Know_Nothings"
100079,"Federalists"
100080,"Federalists"
100081,"Know_It_Alls"
100082,"Federalists"
100083,"Know_Nothings"
100084,"Know_It_Alls"
100085,"Know_Nothings"
100086,"Know_It_Alls"
100087,"Know_Nothings"
100088,"Know_It_Alls"
100089,"Know_It_Alls"
100090,"Know_It_Alls"
100091,"Know_Nothings"
100092,"Know_It_Alls"
100093,"Know_It_Alls"
100094,"Federalists"
100095,"Know_Nothings"
100096,"Know_Nothings"
100097,"Federalists"
100098,"Know_Nothings"
100099,"Know_Nothings"
100100,"Know_It_Alls"
100101,"Federalists"
100102,"Know_Nothings"
100103,"Federalists"
100104,"Know_Somethings"
100105,"Know_It_Alls"
100106,"Federalists"
100107,"Know_Somethings"
100108,"Know_Nothings"
100109,"Federalists"
100110,"Know_It_Alls"
100111,"Know_It_Alls"
100112,"Federalists"
100113,"Federalists"
100114,"Federalists"
100115,"Know_It_Alls"
100116,"Know_Somethings"
100117,"Know_It_Alls"
100118,"Know_Nothings"
100119,"Know_Nothings"
100120,"Know_It_Alls"
100121,"Federalists"
100122,"Know_Somethings"
100123,"Know_Nothings"
100124,"Know_It_Alls"
100125,"Know_It_Alls"
100126,"Federalists"
100127,"Know_Nothings"
100128,"Federalists"
100129,"Know_Somethings"
100130,"Know_Nothings"
100131,"Federalists"
100132,"Federalists"
100133,"Know_Nothings"
100134,"Know_Somethings"
100135,"Federalists"
100136,"Federalists"
100137,"Federalists"
100138,"Know_Nothings"
100139,"Know_Somethings"
100140,"Know_It_Alls"
100141,"Know_It_Alls"
100142,"Know_Nothings"
100143,"Know_Somethings"
100144,"Know_Nothings"
100145,"Federalists"
100146,"Federalists"
100147,"Federalists"
100148,"Know_Somethings"
100149,"Know_It_Alls"
100150,"Know_It_Alls"
100151,"Know_Nothings"
100152,"Federalists"
100153,"Know_Somethings"
100154,"Know_It_Alls"
100155,"Know_Nothings"
100156,"Federalists"
100157,"Know_Nothings"
100158,"Federalists"
100159,"Know_It_Alls"
100160,"Know_Nothings"
100161,"Federalists"
100162,"Know_Nothings"
100163,"Know_Nothings"
100164,"Federalists"
100165,"Know_Nothings"
100166,"Federalists"
100167,"Know_Nothings"
100168,"Know_Nothings"
100169,"Federalists"
100170,"Know_Nothings"
100171,"Federalists"
100172,"Federalists"
100173,"Federalists"
100174,"Federalists"
100175,"Know_It_Alls"
100176,"Federalists"
100177,"Know_It_Alls"
100178,"Know_Nothings"
100179,"Know_It_Alls"
100180,"Know_It_Alls"
100181,"Know_Somethings"
100182,"Know_It_Alls"
100183,"Federalists"
100184,"Know_It_Alls"
100185,"Federalists"
100186,"Know_Somethings"
100187,"Know_It_Alls"
100188,"Federalists"
100189,"Know_Nothings"
100190,"Federalists"
100191,"Know_Nothings"
100192,"Know_Nothings"
100193,"Know_It_Alls"
100194,"Know_Nothings"
100195,"Know_Nothings"
100196,"Know_Nothings"
100197,"Know_It_Alls"
100198,"Federalists"
100199,"Know_Nothings"
100200,"Know_Nothings"
100201,"Know_It_Alls"
100202,"Know_It_Alls"
100203,"Know_Nothings"
100204,"Know_Somethings"
100205,"Know_Nothings"
100206,"Know_Nothings"
100207,"Know_Nothings"
100208,"Federalists"
100209,"Know_It_Alls"
100210,"Know_It_Alls"
100211,"Federalists"
100212,"Federalists"
100213,"Federalists"
100214,"Know_It_Alls"
100215,"Know_Nothings"
100216,"Know_It_Alls"
100217,"Know_Nothings"
100218,"Know_Nothings"
100219,"Federalists"
100220,"Federalists"
100221,"Know_It_Alls"
100222,"Know_Somethings"
100223,"Know_Somethings"
100224,"Federalists"
100225,"Know_Nothings"
100226,"Know_Nothings"
100227,"Federalists"
100228,"Know_It_Alls"
100229,"Know_It_Alls"
100230,"Know_Nothings"
100231,"Know_It_Alls"
100232,"Know_It_Alls"
100233,"Know_It_Alls"
100234,"Know_Nothings"
100235,"Federalists"
100236,"Know_Somethings"
100237,"Know_Nothings"
100238,"Know_It_Alls"
100239,"Know_It_Alls"
100240,"Know_It_Alls"
100241,"Know_Somethings"
100242,"Know_Nothings"
100243,"Federalists"
100244,"Know_Nothings"
100245,"Federalists"
100246,"Know_Nothings"
100247,"Know_Nothings"
100248,"Federalists"
100249,"Federalists"
100250,"Know_Nothings"
100251,"Federalists"
100252,"Know_Nothings"
100253,"Know_Somethings"
100254,"Know_Nothings"
100255,"Know_Nothings"
100256,"Federalists"
100257,"Federalists"
100258,"Know_It_Alls"
100259,"Know_Somethings"
100260,"Know_It_Alls"
100261,"Know_It_Alls"
100262,"Know_It_Alls"
100263,"Federalists"
100264,"Know_It_Alls"
100265,"Know_It_Alls"
100266,"Know_It_Alls"
100267,"Know_Nothings"
100268,"Federalists"
100269,"Know_It_Alls"
100270,"Know_Nothings"
100271,"Know_Nothings"
100272,"Know_Nothings"
100273,"Federalists"
100274,"Know_Somethings"
100275,"Know_Nothings"
100276,"Know_Nothings"
100277,"Know_Somethings"
100278,"Federalists"
100279,"Federalists"
100280,"Federalists"
100281,"Know_Nothings"
100282,"Know_Nothings"
100283,"Know_Somethings"
100284,"Know_Nothings"
100285,"Know_Nothings"
100286,"Know_Nothings"
100287,"Know_It_Alls"
100288,"Federalists"
100289,"Know_Nothings"
100290,"Know_Nothings"
100291,"Know_Nothings"
100292,"Know_Nothings"
100293,"Know_It_Alls"
100294,"Know_It_Alls"
100295,"Know_It_Alls"
100296,"Federalists"
100297,"Know_It_Alls"
100298,"Know_Nothings"
100299,"Federalists"
100300,"Federalists"
100301,"Know_It_Alls"
100302,"Know_Nothings"
100303,"Know_Somethings"
100304,"Know_It_Alls"
100305,"Know_It_Alls"
100306,"Federalists"
100307,"Federalists"
100308,"Know_Somethings"
100309,"Federalists"
100310,"Know_Nothings"
100311,"Federalists"
100312,"Know_Somethings"
100313,"Federalists"
100314,"Know_Somethings"
100315,"Federalists"
100316,"Know_Nothings"
100317,"Know_Somethings"
100318,"Know_It_Alls"
100319,"Know_It_Alls"
100320,"Know_Nothings"
100321,"Know_Somethings"
100322,"Federalists"
100323,"Know_Nothings"
100324,"Federalists"
100325,"Know_Somethings"
100326,"Know_Nothings"
100327,"Know_Somethings"
100328,"Federalists"
100329,"Federalists"
100330,"Know_It_Alls"
100331,"Know_It_Alls"
100332,"Know_Nothings"
100333,"Know_Somethings"
100334,"Know_It_Alls"
100335,"Federalists"
100336,"Know_Nothings"
100337,"Federalists"
100338,"Federalists"
100339,"Federalists"
100340,"Federalists"
100341,"Know_Nothings"
100342,"Federalists"
100343,"Know_It_Alls"
100344,"Know_Nothings"
100345,"Federalists"
100346,"Federalists"
100347,"Federalists"
100348,"Know_Somethings"
100349,"Federalists"
100350,"Know_It_Alls"
100351,"Know_Nothings"
100352,"Know_Nothings"
100353,"Federalists"
100354,"Know_Somethings"
100355,"Know_It_Alls"
100356,"Know_It_Alls"
100357,"Know_It_Alls"
100358,"Know_Nothings"
100359,"Know_Nothings"
100360,"Know_Nothings"
100361,"Know_Nothings"
100362,"Federalists"
100363,"Know_It_Alls"
100364,"Know_It_Alls"
100365,"Know_Nothings"
100366,"Know_It_Alls"
100367,"Know_Nothings"
100368,"Federalists"
100369,"Federalists"
100370,"Know_Nothings"
100371,"Know_It_Alls"
100372,"Federalists"
100373,"Know_Nothings"
100374,"Federalists"
100375,"Know_It_Alls"
100376,"Know_Nothings"
100377,"Federalists"
100378,"Know_It_Alls"
100379,"Know_Nothings"
100380,"Federalists"
100381,"Federalists"
100382,"Federalists"
100383,"Know_Nothings"
100384,"Federalists"
100385,"Federalists"
100386,"Federalists"
100387,"Federalists"
100388,"Know_Nothings"
100389,"Know_It_Alls"
100390,"Know_Nothings"
100391,"Federalists"
100392,"Know_Somethings"
100393,"Know_It_Alls"
100394,"Know_Nothings"
100395,"Know_Nothings"
100396,"Know_Nothings"
100397,"Federalists"
100398,"Federalists"
100399,"Know_Nothings"
100400,"Federalists"
100401,"Know_It_Alls"
100402,"Know_Nothings"
100403,"Know_Somethings"
100404,"Know_Somethings"
100405,"Know_Somethings"
100406,"Know_Nothings"
100407,"Know_Nothings"
100408,"Federalists"
100409,"Federalists"
100410,"Know_Nothings"
100411,"Federalists"
100412,"Know_It_Alls"
100413,"Know_Nothings"
100414,"Know_Somethings"
100415,"Know_Nothings"
100416,"Federalists"
100417,"Federalists"
100418,"Federalists"
100419,"Know_Nothings"
100420,"Know_Somethings"
100421,"Know_It_Alls"
100422,"Federalists"
100423,"Know_Nothings"
100424,"Know_Somethings"
100425,"Know_Somethings"
100426,"Know_It_Alls"
100427,"Know_Nothings"
100428,"Know_Nothings"
100429,"Know_It_Alls"
100430,"Federalists"
100431,"Know_It_Alls"
100432,"Know_Nothings"
100433,"Know_Nothings"
100434,"Know_Nothings"
100435,"Federalists"
100436,"Know_Nothings"
100437,"Know_Nothings"
100438,"Know_Nothings"
100439,"Know_Nothings"
100440,"Federalists"
100441,"Know_It_Alls"
100442,"Know_It_Alls"
100443,"Know_Nothings"
100444,"Know_It_Alls"
100445,"Know_It_Alls"
100446,"Federalists"
100447,"Know_Somethings"
100448,"Know_Nothings"
100449,"Know_It_Alls"
100450,"Federalists"
100451,"Federalists"
100452,"Know_Nothings"
100453,"Know_It_Alls"
100454,"Know_It_Alls"
100455,"Federalists"
100456,"Federalists"
100457,"Know_Nothings"
100458,"Know_Somethings"
100459,"Know_Nothings"
100460,"Federalists"
100461,"Federalists"
100462,"Know_Nothings"
100463,"Know_Nothings"
100464,"Know_Nothings"
100465,"Know_It_Alls"
100466,"Federalists"
100467,"Know_It_Alls"
100468,"Federalists"
100469,"Know_It_Alls"
100470,"Federalists"
100471,"Federalists"
100472,"Federalists"
100473,"Know_Somethings"
100474,"Federalists"
100475,"Federalists"
100476,"Know_Somethings"
100477,"Federalists"
100478,"Know_It_Alls"
100479,"Federalists"
100480,"Know_Nothings"
100481,"Know_Nothings"
100482,"Know_Nothings"
100483,"Federalists"
100484,"Know_Nothings"
100485,"Federalists"
100486,"Know_Nothings"
100487,"Federalists"
100488,"Know_It_Alls"
100489,"Know_Somethings"
100490,"Know_Nothings"
100491,"Know_Nothings"
100492,"Know_Somethings"
100493,"Federalists"
100494,"Know_It_Alls"
100495,"Federalists"
100496,"Know_It_Alls"
100497,"Know_Somethings"
100498,"Federalists"
100499,"Federalists"
100500,"Federalists"
100501,"Know_Somethings"
100502,"Know_Nothings"
100503,"Know_It_Alls"
100504,"Know_Nothings"
100505,"Know_It_Alls"
100506,"Federalists"
100507,"Federalists"
100508,"Know_Nothings"
100509,"Know_It_Alls"
100510,"Know_Nothings"
100511,"Federalists"
100512,"Know_Somethings"
100513,"Know_Somethings"
100514,"Federalists"
100515,"Know_It_Alls"
100516,"Know_Nothings"
100517,"Know_It_Alls"
100518,"Know_It_Alls"
100519,"Know_Nothings"
100520,"Federalists"
100521,"Federalists"
100522,"Federalists"
100523,"Know_Nothings"
100524,"Know_It_Alls"
100525,"Federalists"
100526,"Know_Nothings"
100527,"Know_Nothings"
100528,"Know_Nothings"
100529,"Federalists"
100530,"Federalists"
100531,"Know_It_Alls"
100532,"Know_It_Alls"
100533,"Know_It_Alls"
100534,"Know_It_Alls"
100535,"Know_Nothings"
100536,"Know_Somethings"
100537,"Know_Nothings"
100538,"Know_It_Alls"
100539,"Federalists"
100540,"Know_It_Alls"
100541,"Know_Somethings"
100542,"Know_Nothings"
100543,"Know_It_Alls"
100544,"Federalists"
100545,"Know_It_Alls"
100546,"Federalists"
100547,"Know_Nothings"
100548,"Know_Nothings"
100549,"Federalists"
100550,"Know_It_Alls"
100551,"Know_Nothings"
100552,"Know_Somethings"
100553,"Know_Nothings"
100554,"Federalists"
100555,"Know_It_Alls"
100556,"Know_Nothings"
100557,"Know_Nothings"
100558,"Know_Nothings"
100559,"Know_Nothings"
100560,"Know_It_Alls"
100561,"Know_Nothings"
100562,"Know_Somethings"
100563,"Know_It_Alls"
100564,"Know_It_Alls"
100565,"Know_It_Alls"
100566,"Know_Nothings"
100567,"Know_Somethings"
100568,"Know_Somethings"
100569,"Know_Somethings"
100570,"Know_Somethings"
100571,"Federalists"
100572,"Federalists"
100573,"Know_It_Alls"
100574,"Know_Somethings"
100575,"Federalists"
100576,"Know_It_Alls"
100577,"Know_It_Alls"
100578,"Know_Nothings"
100579,"Know_Nothings"
100580,"Know_Somethings"
100581,"Know_It_Alls"
100582,"Know_Nothings"
100583,"Federalists"
100584,"Know_Somethings"
100585,"Know_Nothings"
100586,"Know_Nothings"
100587,"Know_It_Alls"
100588,"Federalists"
100589,"Federalists"
100590,"Know_Nothings"
100591,"Know_Nothings"
100592,"Federalists"
100593,"Know_Nothings"
100594,"Federalists"
100595,"Know_Somethings"
100596,"Know_Nothings"
100597,"Know_Nothings"
100598,"Federalists"
100599,"Federalists"
100600,"Know_It_Alls"
100601,"Know_Nothings"
100602,"Know_It_Alls"
100603,"Federalists"
100604,"Know_It_Alls"
100605,"Know_Nothings"
100606,"Know_It_Alls"
100607,"Know_Somethings"
100608,"Know_Nothings"
100609,"Federalists"
100610,"Federalists"
100611,"Know_It_Alls"
100612,"Federalists"
100613,"Know_Nothings"
100614,"Know_Nothings"
100615,"Federalists"
100616,"Know_Nothings"
100617,"Federalists"
100618,"Know_Nothings"
100619,"Federalists"
100620,"Know_Nothings"
100621,"Know_Nothings"
100622,"Federalists"
100623,"Know_Somethings"
100624,"Know_It_Alls"
100625,"Know_Nothings"
100626,"Federalists"
100627,"Know_Somethings"
100628,"Know_It_Alls"
100629,"Know_It_Alls"
100630,"Know_Nothings"
100631,"Federalists"
100632,"Know_Nothings"
100633,"Know_It_Alls"
100634,"Know_It_Alls"
100635,"Know_It_Alls"
100636,"Federalists"
100637,"Know_It_Alls"
100638,"Know_Nothings"
100639,"Know_Nothings"
100640,"Federalists"
100641,"Know_Nothings"
100642,"Federalists"
100643,"Federalists"
100644,"Know_It_Alls"
100645,"Know_Somethings"
100646,"Federalists"
100647,"Know_Nothings"
100648,"Know_Nothings"
100649,"Know_Somethings"
100650,"Federalists"
100651,"Federalists"
100652,"Know_Nothings"
100653,"Federalists"
100654,"Know_It_Alls"
100655,"Federalists"
100656,"Federalists"
100657,"Know_Nothings"
100658,"Know_Nothings"
100659,"Know_It_Alls"
100660,"Know_It_Alls"
100661,"Know_It_Alls"
100662,"Know_Nothings"
100663,"Know_It_Alls"
100664,"Know_Nothings"
100665,"Know_It_Alls"
100666,"Know_Nothings"
100667,"Know_Somethings"
100668,"Know_Nothings"
100669,"Know_It_Alls"
100670,"Know_Nothings"
100671,"Federalists"
100672,"Know_It_Alls"
100673,"Know_Nothings"
100674,"Know_It_Alls"
100675,"Know_Nothings"
100676,"Know_Nothings"
100677,"Know_Nothings"
100678,"Know_It_Alls"
100679,"Know_Somethings"
100680,"Federalists"
100681,"Know_Nothings"
100682,"Know_Somethings"
100683,"Federalists"
100684,"Federalists"
100685,"Know_Nothings"
100686,"Know_Nothings"
100687,"Federalists"
100688,"Know_It_Alls"
100689,"Know_Nothings"
100690,"Know_It_Alls"
100691,"Know_Nothings"
100692,"Know_Somethings"
100693,"Federalists"
100694,"Know_It_Alls"
100695,"Federalists"
100696,"Know_It_Alls"
100697,"Know_Nothings"
100698,"Know_Nothings"
100699,"Know_It_Alls"
100700,"Know_Nothings"
100701,"Federalists"
100702,"Know_It_Alls"
100703,"Know_Nothings"
100704,"Know_Nothings"
100705,"Know_Nothings"
100706,"Federalists"
100707,"Federalists"
100708,"Know_Somethings"
100709,"Know_It_Alls"
100710,"Federalists"
100711,"Know_Somethings"
100712,"Federalists"
100713,"Know_Nothings"
100714,"Know_Nothings"
100715,"Know_Nothings"
100716,"Know_Nothings"
100717,"Know_Nothings"
100718,"Federalists"
100719,"Know_Nothings"
100720,"Federalists"
100721,"Know_Nothings"
100722,"Know_Somethings"
100723,"Federalists"
100724,"Know_Nothings"
100725,"Know_Somethings"
100726,"Know_Nothings"
100727,"Know_Nothings"
100728,"Know_It_Alls"
100729,"Know_Nothings"
100730,"Know_It_Alls"
100731,"Know_Somethings"
100732,"Know_It_Alls"
100733,"Federalists"
100734,"Federalists"
100735,"Know_Nothings"
100736,"Know_Nothings"
100737,"Know_It_Alls"
100738,"Federalists"
100739,"Federalists"
100740,"Know_It_Alls"
100741,"Federalists"
100742,"Know_Somethings"
100743,"Federalists"
100744,"Know_Somethings"
100745,"Know_Nothings"
100746,"Know_It_Alls"
100747,"Know_Somethings"
100748,"Know_It_Alls"
100749,"Know_Nothings"
100750,"Federalists"
100751,"Know_Somethings"
100752,"Know_Nothings"
100753,"Federalists"
100754,"Federalists"
100755,"Know_Somethings"
100756,"Know_Nothings"
100757,"Know_It_Alls"
100758,"Know_It_Alls"
100759,"Federalists"
100760,"Federalists"
100761,"Know_It_Alls"
100762,"Know_Somethings"
100763,"Know_Nothings"
100764,"Know_Somethings"
100765,"Know_Nothings"
100766,"Know_It_Alls"
100767,"Know_Nothings"
100768,"Know_Somethings"
100769,"Federalists"
100770,"Federalists"
100771,"Federalists"
100772,"Know_Nothings"
100773,"Know_Nothings"
100774,"Know_It_Alls"
100775,"Know_It_Alls"
100776,"Know_Nothings"
100777,"Know_Somethings"
100778,"Federalists"
100779,"Know_It_Alls"
100780,"Know_Nothings"
100781,"Know_It_Alls"
100782,"Know_Nothings"
100783,"Federalists"
100784,"Know_Somethings"
100785,"Federalists"
100786,"Know_Nothings"
100787,"Federalists"
100788,"Know_It_Alls"
100789,"Know_It_Alls"
100790,"Know_It_Alls"
100791,"Know_Nothings"
100792,"Know_It_Alls"
100793,"Know_It_Alls"
100794,"Know_Somethings"
100795,"Know_Somethings"
100796,"Federalists"
100797,"Know_Nothings"
100798,"Federalists"
100799,"Know_Nothings"
100800,"Know_Nothings"
100801,"Know_Nothings"
100802,"Federalists"
100803,"Know_Somethings"
100804,"Federalists"
100805,"Federalists"
100806,"Know_It_Alls"
100807,"Federalists"
100808,"Know_Nothings"
100809,"Federalists"
100810,"Federalists"
100811,"Federalists"
100812,"Know_Nothings"
100813,"Federalists"
100814,"Know_Nothings"
100815,"Know_It_Alls"
100816,"Know_Nothings"
100817,"Federalists"
100818,"Know_Nothings"
100819,"Federalists"
100820,"Know_It_Alls"
100821,"Know_Nothings"
100822,"Federalists"
100823,"Federalists"
100824,"Know_It_Alls"
100825,"Know_It_Alls"
100826,"Know_Nothings"
100827,"Federalists"
100828,"Know_Nothings"
100829,"Know_It_Alls"
100830,"Know_It_Alls"
100831,"Know_It_Alls"
100832,"Federalists"
100833,"Know_It_Alls"
100834,"Know_Nothings"
100835,"Federalists"
100836,"Know_Nothings"
100837,"Federalists"
100838,"Know_Nothings"
100839,"Know_It_Alls"
100840,"Know_It_Alls"
100841,"Know_Nothings"
100842,"Federalists"
100843,"Federalists"
100844,"Federalists"
100845,"Federalists"
100846,"Know_Nothings"
100847,"Know_Nothings"
100848,"Know_Nothings"
100849,"Federalists"
100850,"Know_Nothings"
100851,"Know_It_Alls"
100852,"Federalists"
100853,"Know_Nothings"
100854,"Know_It_Alls"
100855,"Federalists"
100856,"Know_Nothings"
100857,"Know_Nothings"
100858,"Know_Nothings"
100859,"Know_Nothings"
100860,"Know_Somethings"
100861,"Federalists"
100862,"Know_Nothings"
100863,"Federalists"
100864,"Know_It_Alls"
100865,"Federalists"
100866,"Federalists"
100867,"Know_Nothings"
100868,"Know_Somethings"
100869,"Federalists"
100870,"Know_Nothings"
100871,"Federalists"
100872,"Know_Nothings"
100873,"Know_It_Alls"
100874,"Know_It_Alls"
100875,"Federalists"
100876,"Know_It_Alls"
100877,"Federalists"
100878,"Federalists"
100879,"Know_Somethings"
100880,"Know_Nothings"
100881,"Know_Somethings"
100882,"Know_Nothings"
100883,"Federalists"
100884,"Federalists"
100885,"Federalists"
100886,"Know_Nothings"
100887,"Federalists"
100888,"Know_Nothings"
100889,"Know_Nothings"
100890,"Know_Nothings"
100891,"Know_It_Alls"
100892,"Know_It_Alls"
100893,"Federalists"
100894,"Know_It_Alls"
100895,"Know_Nothings"
100896,"Know_Nothings"
100897,"Know_Somethings"
100898,"Know_Nothings"
100899,"Know_It_Alls"
100900,"Know_Nothings"
100901,"Know_Nothings"
100902,"Know_It_Alls"
100903,"Federalists"
100904,"Federalists"
100905,"Federalists"
100906,"Know_Somethings"
100907,"Know_It_Alls"
100908,"Know_Nothings"
100909,"Know_Nothings"
100910,"Know_Nothings"
100911,"Know_It_Alls"
100912,"Federalists"
100913,"Federalists"
100914,"Know_Nothings"
100915,"Know_It_Alls"
100916,"Know_Somethings"
100917,"Federalists"
100918,"Know_It_Alls"
100919,"Know_Nothings"
100920,"Federalists"
100921,"Know_Nothings"
100922,"Federalists"
100923,"Federalists"
100924,"Know_It_Alls"
100925,"Know_Somethings"
100926,"Federalists"
100927,"Know_It_Alls"
100928,"Federalists"
100929,"Know_It_Alls"
100930,"Know_It_Alls"
100931,"Know_It_Alls"
100932,"Federalists"
100933,"Know_Nothings"
100934,"Federalists"
100935,"Know_Somethings"
100936,"Know_It_Alls"
100937,"Federalists"
100938,"Know_It_Alls"
100939,"Federalists"
100940,"Federalists"
100941,"Federalists"
100942,"Federalists"
100943,"Know_It_Alls"
100944,"Know_It_Alls"
100945,"Know_Nothings"
100946,"Know_Somethings"
100947,"Know_It_Alls"
100948,"Know_Nothings"
100949,"Know_Somethings"
100950,"Federalists"
100951,"Know_Nothings"
100952,"Know_Nothings"
100953,"Know_Somethings"
100954,"Know_Nothings"
100955,"Know_It_Alls"
100956,"Know_Nothings"
100957,"Know_It_Alls"
100958,"Know_Nothings"
100959,"Know_Somethings"
100960,"Know_It_Alls"
100961,"Know_Somethings"
100962,"Know_Somethings"
100963,"Federalists"
100964,"Federalists"
100965,"Federalists"
100966,"Know_Nothings"
100967,"Know_Nothings"
100968,"Federalists"
100969,"Know_Nothings"
100970,"Know_Somethings"
100971,"Know_Nothings"
100972,"Know_It_Alls"
100973,"Know_Nothings"
100974,"Know_It_Alls"
100975,"Federalists"
100976,"Know_It_Alls"
100977,"Know_Nothings"
100978,"Federalists"
100979,"Know_Somethings"
100980,"Know_It_Alls"
100981,"Know_It_Alls"
100982,"Know_It_Alls"
100983,"Know_It_Alls"
100984,"Know_It_Alls"
100985,"Know_Somethings"
100986,"Know_Nothings"
100987,"Know_Nothings"
100988,"Know_Somethings"
100989,"Federalists"
100990,"Federalists"
100991,"Know_It_Alls"
100992,"Know_Somethings"
100993,"Know_Nothings"
100994,"Know_It_Alls"
100995,"Know_Nothings"
100996,"Know_Somethings"
100997,"Know_Nothings"
100998,"Know_Nothings"
100999,"Federalists"
101000,"Know_Nothings"
101001,"Federalists"
101002,"Know_It_Alls"
101003,"Know_Nothings"
101004,"Federalists"
101005,"Know_Nothings"
101006,"Know_It_Alls"
101007,"Federalists"
101008,"Know_Nothings"
101009,"Federalists"
101010,"Know_Nothings"
101011,"Know_It_Alls"
101012,"Federalists"
101013,"Federalists"
101014,"Know_Somethings"
101015,"Know_Nothings"
101016,"Know_Nothings"
101017,"Know_Nothings"
101018,"Federalists"
101019,"Know_It_Alls"
101020,"Know_It_Alls"
101021,"Know_It_Alls"
101022,"Know_Nothings"
101023,"Federalists"
101024,"Know_Nothings"
101025,"Know_It_Alls"
101026,"Know_Nothings"
101027,"Know_Nothings"
101028,"Federalists"
101029,"Federalists"
101030,"Federalists"
101031,"Know_Nothings"
101032,"Know_It_Alls"
101033,"Know_Somethings"
101034,"Know_Somethings"
101035,"Know_It_Alls"
101036,"Know_It_Alls"
101037,"Know_Nothings"
101038,"Federalists"
101039,"Federalists"
101040,"Know_Nothings"
101041,"Federalists"
101042,"Know_Nothings"
101043,"Know_Somethings"
101044,"Federalists"
101045,"Know_It_Alls"
101046,"Federalists"
101047,"Know_It_Alls"
101048,"Know_It_Alls"
101049,"Know_It_Alls"
101050,"Know_It_Alls"
101051,"Know_Somethings"
101052,"Know_Nothings"
101053,"Know_It_Alls"
101054,"Federalists"
101055,"Federalists"
101056,"Federalists"
101057,"Know_Nothings"
101058,"Federalists"
101059,"Know_Nothings"
101060,"Know_It_Alls"
101061,"Federalists"
101062,"Federalists"
101063,"Federalists"
101064,"Know_It_Alls"
101065,"Federalists"
101066,"Federalists"
101067,"Know_It_Alls"
101068,"Federalists"
101069,"Know_It_Alls"
101070,"Know_It_Alls"
101071,"Know_It_Alls"
101072,"Know_It_Alls"
101073,"Know_Somethings"
101074,"Know_It_Alls"
101075,"Federalists"
101076,"Know_Nothings"
101077,"Federalists"
101078,"Federalists"
101079,"Know_Somethings"
101080,"Know_Somethings"
101081,"Know_Somethings"
101082,"Federalists"
101083,"Federalists"
101084,"Know_Nothings"
101085,"Federalists"
101086,"Know_Nothings"
101087,"Know_Somethings"
101088,"Know_Nothings"
101089,"Know_It_Alls"
101090,"Know_Nothings"
101091,"Know_Somethings"
101092,"Federalists"
101093,"Know_Somethings"
101094,"Know_Somethings"
101095,"Know_It_Alls"
101096,"Federalists"
101097,"Federalists"
101098,"Know_It_Alls"
101099,"Know_It_Alls"
101100,"Federalists"
101101,"Know_Nothings"
101102,"Know_Nothings"
101103,"Know_Nothings"
101104,"Federalists"
101105,"Know_Nothings"
101106,"Federalists"
101107,"Federalists"
101108,"Know_Nothings"
101109,"Know_Somethings"
101110,"Know_Nothings"
101111,"Know_It_Alls"
101112,"Know_It_Alls"
101113,"Federalists"
101114,"Federalists"
101115,"Know_It_Alls"
101116,"Federalists"
101117,"Federalists"
101118,"Know_Somethings"
101119,"Federalists"
101120,"Federalists"
101121,"Know_It_Alls"
101122,"Know_Somethings"
101123,"Know_Somethings"
101124,"Know_It_Alls"
101125,"Know_Nothings"
101126,"Know_Nothings"
101127,"Know_It_Alls"
101128,"Know_It_Alls"
101129,"Federalists"
101130,"Federalists"
101131,"Know_Nothings"
101132,"Federalists"
101133,"Federalists"
101134,"Know_Nothings"
101135,"Know_Somethings"
101136,"Know_Somethings"
101137,"Know_It_Alls"
101138,"Federalists"
101139,"Know_It_Alls"
101140,"Know_Nothings"
101141,"Know_It_Alls"
101142,"Know_Somethings"
101143,"Know_It_Alls"
101144,"Federalists"
101145,"Know_Nothings"
101146,"Federalists"
101147,"Federalists"
101148,"Know_Somethings"
101149,"Federalists"
101150,"Know_Nothings"
101151,"Know_Somethings"
101152,"Know_It_Alls"
101153,"Know_Nothings"
101154,"Know_Nothings"
101155,"Know_Nothings"
101156,"Know_It_Alls"
101157,"Know_Nothings"
101158,"Know_It_Alls"
101159,"Know_Nothings"
101160,"Know_Nothings"
101161,"Federalists"
101162,"Know_Nothings"
101163,"Federalists"
101164,"Know_Somethings"
101165,"Federalists"
101166,"Federalists"
101167,"Know_Nothings"
101168,"Federalists"
101169,"Know_Somethings"
101170,"Know_Nothings"
101171,"Federalists"
101172,"Know_Somethings"
101173,"Federalists"
101174,"Know_Somethings"
101175,"Know_Somethings"
101176,"Federalists"
101177,"Know_It_Alls"
101178,"Know_Nothings"
101179,"Know_Somethings"
101180,"Know_Somethings"
101181,"Federalists"
101182,"Federalists"
101183,"Federalists"
101184,"Know_It_Alls"
101185,"Know_Nothings"
101186,"Know_Nothings"
101187,"Know_Nothings"
101188,"Know_It_Alls"
101189,"Know_Nothings"
101190,"Know_It_Alls"
101191,"Know_Nothings"
101192,"Know_Nothings"
101193,"Federalists"
101194,"Federalists"
101195,"Federalists"
101196,"Know_Nothings"
101197,"Federalists"
101198,"Know_It_Alls"
101199,"Federalists"
101200,"Know_Nothings"
101201,"Know_Nothings"
101202,"Federalists"
101203,"Know_Nothings"
101204,"Know_Nothings"
101205,"Know_Somethings"
101206,"Know_Somethings"
101207,"Know_Nothings"
101208,"Know_Nothings"
101209,"Know_It_Alls"
101210,"Know_It_Alls"
101211,"Know_It_Alls"
101212,"Know_Somethings"
101213,"Know_Nothings"
101214,"Know_Somethings"
101215,"Know_Nothings"
101216,"Know_It_Alls"
101217,"Know_Nothings"
101218,"Federalists"
101219,"Know_It_Alls"
101220,"Know_Somethings"
101221,"Federalists"
101222,"Know_It_Alls"
101223,"Know_Nothings"
101224,"Know_It_Alls"
101225,"Federalists"
101226,"Know_Nothings"
101227,"Know_Nothings"
101228,"Federalists"
101229,"Know_Nothings"
101230,"Know_Nothings"
101231,"Federalists"
101232,"Know_Nothings"
101233,"Know_Nothings"
101234,"Know_Nothings"
101235,"Know_Somethings"
101236,"Know_Nothings"
101237,"Know_Nothings"
101238,"Federalists"
101239,"Federalists"
101240,"Know_It_Alls"
101241,"Federalists"
101242,"Know_Somethings"
101243,"Federalists"
101244,"Know_Nothings"
101245,"Know_Somethings"
101246,"Know_It_Alls"
101247,"Know_Nothings"
101248,"Know_It_Alls"
101249,"Know_It_Alls"
101250,"Know_Nothings"
101251,"Know_It_Alls"
101252,"Federalists"
101253,"Federalists"
101254,"Federalists"
101255,"Know_Nothings"
101256,"Know_Nothings"
101257,"Know_Nothings"
101258,"Know_It_Alls"
101259,"Know_Nothings"
101260,"Federalists"
101261,"Federalists"
101262,"Federalists"
101263,"Federalists"
101264,"Know_Nothings"
101265,"Federalists"
101266,"Federalists"
101267,"Know_It_Alls"
101268,"Federalists"
101269,"Know_Nothings"
101270,"Know_It_Alls"
101271,"Know_It_Alls"
101272,"Federalists"
101273,"Know_Nothings"
101274,"Federalists"
101275,"Know_It_Alls"
101276,"Know_It_Alls"
101277,"Know_Nothings"
101278,"Know_It_Alls"
101279,"Know_It_Alls"
101280,"Federalists"
101281,"Know_Nothings"
101282,"Know_Nothings"
101283,"Federalists"
101284,"Know_Nothings"
101285,"Federalists"
101286,"Know_Nothings"
101287,"Federalists"
101288,"Federalists"
101289,"Know_It_Alls"
101290,"Federalists"
101291,"Know_Nothings"
101292,"Federalists"
101293,"Know_It_Alls"
101294,"Know_Nothings"
101295,"Federalists"
101296,"Know_Nothings"
101297,"Know_Somethings"
101298,"Federalists"
101299,"Know_Nothings"
101300,"Know_Somethings"
101301,"Know_It_Alls"
101302,"Federalists"
101303,"Know_It_Alls"
101304,"Federalists"
101305,"Federalists"
101306,"Federalists"
101307,"Know_Nothings"
101308,"Know_Somethings"
101309,"Know_Nothings"
101310,"Know_It_Alls"
101311,"Know_Nothings"
101312,"Know_It_Alls"
101313,"Know_It_Alls"
101314,"Know_Nothings"
101315,"Federalists"
101316,"Federalists"
101317,"Federalists"
101318,"Know_Nothings"
101319,"Federalists"
101320,"Know_It_Alls"
101321,"Know_Nothings"
101322,"Know_Somethings"
101323,"Federalists"
101324,"Know_Nothings"
101325,"Know_Nothings"
101326,"Know_Nothings"
101327,"Know_Nothings"
101328,"Federalists"
101329,"Know_It_Alls"
101330,"Know_Nothings"
101331,"Know_It_Alls"
101332,"Know_It_Alls"
101333,"Know_Somethings"
101334,"Federalists"
101335,"Know_Nothings"
101336,"Federalists"
101337,"Federalists"
101338,"Know_Nothings"
101339,"Know_It_Alls"
101340,"Federalists"
101341,"Know_It_Alls"
101342,"Know_Nothings"
101343,"Federalists"
101344,"Know_Nothings"
101345,"Federalists"
101346,"Federalists"
101347,"Federalists"
101348,"Know_Nothings"
101349,"Know_Nothings"
101350,"Know_Nothings"
101351,"Know_Nothings"
101352,"Know_Somethings"
101353,"Know_It_Alls"
101354,"Know_Nothings"
101355,"Know_Nothings"
101356,"Federalists"
101357,"Know_Nothings"
101358,"Federalists"
101359,"Federalists"
101360,"Federalists"
101361,"Federalists"
101362,"Know_Somethings"
101363,"Know_It_Alls"
101364,"Know_It_Alls"
101365,"Know_Somethings"
101366,"Know_It_Alls"
101367,"Federalists"
101368,"Know_Nothings"
101369,"Know_Nothings"
101370,"Know_Nothings"
101371,"Know_Somethings"
101372,"Know_Nothings"
101373,"Know_Nothings"
101374,"Know_It_Alls"
101375,"Know_Nothings"
101376,"Know_Somethings"
101377,"Know_Nothings"
101378,"Know_Nothings"
101379,"Know_Somethings"
101380,"Know_It_Alls"
101381,"Federalists"
101382,"Know_It_Alls"
101383,"Know_Nothings"
101384,"Know_Nothings"
101385,"Know_It_Alls"
101386,"Know_Somethings"
101387,"Know_It_Alls"
101388,"Know_Nothings"
101389,"Know_Nothings"
101390,"Know_Nothings"
101391,"Federalists"
101392,"Know_Nothings"
101393,"Know_Nothings"
101394,"Know_It_Alls"
101395,"Know_It_Alls"
101396,"Federalists"
101397,"Federalists"
101398,"Know_Nothings"
101399,"Federalists"
101400,"Federalists"
101401,"Know_It_Alls"
101402,"Know_Nothings"
101403,"Know_It_Alls"
101404,"Know_Nothings"
101405,"Know_It_Alls"
101406,"Know_Nothings"
101407,"Know_It_Alls"
101408,"Know_Nothings"
101409,"Know_It_Alls"
101410,"Federalists"
101411,"Know_It_Alls"
101412,"Know_Somethings"
101413,"Federalists"
101414,"Know_Nothings"
101415,"Know_Nothings"
101416,"Federalists"
101417,"Know_Nothings"
101418,"Know_It_Alls"
101419,"Know_It_Alls"
101420,"Know_It_Alls"
101421,"Know_Nothings"
101422,"Know_Nothings"
101423,"Federalists"
101424,"Know_It_Alls"
101425,"Know_Somethings"
101426,"Know_Nothings"
101427,"Know_Nothings"
101428,"Know_It_Alls"
101429,"Know_Nothings"
101430,"Know_It_Alls"
101431,"Know_Nothings"
101432,"Federalists"
101433,"Federalists"
101434,"Know_It_Alls"
101435,"Federalists"
101436,"Know_Nothings"
101437,"Know_It_Alls"
101438,"Know_Nothings"
101439,"Know_Nothings"
101440,"Know_Nothings"
101441,"Know_Nothings"
101442,"Know_Nothings"
101443,"Know_Nothings"
101444,"Know_Nothings"
101445,"Federalists"
101446,"Federalists"
101447,"Federalists"
101448,"Know_It_Alls"
101449,"Know_It_Alls"
101450,"Know_Nothings"
101451,"Know_It_Alls"
101452,"Know_It_Alls"
101453,"Know_Nothings"
101454,"Federalists"
101455,"Federalists"
101456,"Federalists"
101457,"Know_Nothings"
101458,"Federalists"
101459,"Know_It_Alls"
101460,"Know_Nothings"
101461,"Federalists"
101462,"Know_Somethings"
101463,"Know_It_Alls"
101464,"Know_Nothings"
101465,"Know_It_Alls"
101466,"Know_Nothings"
101467,"Know_Nothings"
101468,"Know_Somethings"
101469,"Know_Nothings"
101470,"Know_Somethings"
101471,"Know_Nothings"
101472,"Federalists"
101473,"Know_It_Alls"
101474,"Federalists"
101475,"Know_Somethings"
101476,"Know_Somethings"
101477,"Know_Somethings"
101478,"Know_It_Alls"
101479,"Federalists"
101480,"Know_Nothings"
101481,"Know_It_Alls"
101482,"Know_It_Alls"
101483,"Federalists"
101484,"Federalists"
101485,"Know_Nothings"
101486,"Know_It_Alls"
101487,"Know_Nothings"
101488,"Know_It_Alls"
101489,"Know_It_Alls"
101490,"Know_Nothings"
101491,"Know_It_Alls"
101492,"Federalists"
101493,"Federalists"
101494,"Federalists"
101495,"Federalists"
101496,"Know_Somethings"
101497,"Know_It_Alls"
101498,"Federalists"
101499,"Federalists"
101500,"Know_It_Alls"
101501,"Know_Nothings"
101502,"Federalists"
101503,"Federalists"
101504,"Know_Nothings"
101505,"Know_Nothings"
101506,"Federalists"
101507,"Federalists"
101508,"Know_Nothings"
101509,"Know_It_Alls"
101510,"Know_Nothings"
101511,"Know_Nothings"
101512,"Know_It_Alls"
101513,"Know_It_Alls"
101514,"Know_Nothings"
101515,"Know_Nothings"
101516,"Know_It_Alls"
101517,"Know_It_Alls"
101518,"Federalists"
101519,"Know_Somethings"
101520,"Know_Nothings"
101521,"Know_Somethings"
101522,"Know_It_Alls"
101523,"Know_It_Alls"
101524,"Know_Nothings"
101525,"Federalists"
101526,"Know_Nothings"
101527,"Know_Nothings"
101528,"Federalists"
101529,"Know_Nothings"
101530,"Federalists"
101531,"Federalists"
101532,"Know_Somethings"
101533,"Federalists"
101534,"Federalists"
101535,"Know_Somethings"
101536,"Federalists"
101537,"Know_It_Alls"
101538,"Know_It_Alls"
101539,"Know_Nothings"
101540,"Know_It_Alls"
101541,"Know_Nothings"
101542,"Know_Nothings"
101543,"Know_Somethings"
101544,"Know_Nothings"
101545,"Federalists"
101546,"Know_Somethings"
101547,"Federalists"
101548,"Know_It_Alls"
101549,"Know_Nothings"
101550,"Know_Nothings"
101551,"Federalists"
101552,"Federalists"
101553,"Know_It_Alls"
101554,"Know_Nothings"
101555,"Know_Nothings"
101556,"Federalists"
101557,"Know_Nothings"
101558,"Know_Nothings"
101559,"Federalists"
101560,"Know_Nothings"
101561,"Federalists"
101562,"Federalists"
101563,"Know_Nothings"
101564,"Know_Nothings"
101565,"Know_Nothings"
101566,"Know_It_Alls"
101567,"Know_Nothings"
101568,"Know_Nothings"
101569,"Federalists"
101570,"Know_Nothings"
101571,"Know_It_Alls"
101572,"Know_Nothings"
101573,"Know_It_Alls"
101574,"Know_It_Alls"
101575,"Know_Nothings"
101576,"Know_It_Alls"
101577,"Know_It_Alls"
101578,"Know_It_Alls"
101579,"Federalists"
101580,"Know_Nothings"
101581,"Federalists"
101582,"Know_It_Alls"
101583,"Know_Nothings"
101584,"Federalists"
101585,"Federalists"
101586,"Know_Nothings"
101587,"Federalists"
101588,"Federalists"
101589,"Federalists"
101590,"Know_Nothings"
101591,"Federalists"
101592,"Federalists"
101593,"Know_Somethings"
101594,"Know_Nothings"
101595,"Know_Nothings"
101596,"Know_Nothings"
101597,"Federalists"
101598,"Federalists"
101599,"Know_Nothings"
101600,"Know_It_Alls"
101601,"Know_It_Alls"
101602,"Federalists"
101603,"Know_It_Alls"
101604,"Know_Nothings"
101605,"Know_It_Alls"
101606,"Know_Somethings"
101607,"Know_Nothings"
101608,"Know_Nothings"
101609,"Know_Nothings"
101610,"Know_Nothings"
101611,"Know_Somethings"
101612,"Know_It_Alls"
101613,"Federalists"
101614,"Federalists"
101615,"Federalists"
101616,"Know_Nothings"
101617,"Federalists"
101618,"Know_Nothings"
101619,"Know_Nothings"
101620,"Federalists"
101621,"Know_Nothings"
101622,"Know_Nothings"
101623,"Know_Somethings"
101624,"Know_Nothings"
101625,"Federalists"
101626,"Federalists"
101627,"Know_It_Alls"
101628,"Know_It_Alls"
101629,"Federalists"
101630,"Know_It_Alls"
101631,"Federalists"
101632,"Know_Somethings"
101633,"Federalists"
101634,"Know_Somethings"
101635,"Federalists"
101636,"Know_Nothings"
101637,"Know_Nothings"
101638,"Know_Somethings"
101639,"Federalists"
101640,"Federalists"
101641,"Know_Nothings"
101642,"Know_Nothings"
101643,"Federalists"
101644,"Know_Nothings"
101645,"Federalists"
101646,"Know_It_Alls"
101647,"Know_Nothings"
101648,"Know_It_Alls"
101649,"Know_It_Alls"
101650,"Know_It_Alls"
101651,"Federalists"
101652,"Federalists"
101653,"Know_Nothings"
101654,"Federalists"
101655,"Know_Nothings"
101656,"Know_It_Alls"
101657,"Know_Somethings"
101658,"Federalists"
101659,"Know_Nothings"
101660,"Federalists"
101661,"Know_It_Alls"
101662,"Know_Somethings"
101663,"Know_Nothings"
101664,"Know_Somethings"
101665,"Know_It_Alls"
101666,"Know_Nothings"
101667,"Federalists"
101668,"Federalists"
101669,"Know_Nothings"
101670,"Federalists"
101671,"Know_Somethings"
101672,"Know_Somethings"
101673,"Federalists"
101674,"Know_Somethings"
101675,"Know_Nothings"
101676,"Know_It_Alls"
101677,"Know_Somethings"
101678,"Know_Nothings"
101679,"Know_It_Alls"
101680,"Know_It_Alls"
101681,"Know_It_Alls"
101682,"Federalists"
101683,"Federalists"
101684,"Federalists"
101685,"Know_Somethings"
101686,"Know_Somethings"
101687,"Know_It_Alls"
101688,"Know_It_Alls"
101689,"Know_Somethings"
101690,"Know_Nothings"
101691,"Know_Somethings"
101692,"Know_Nothings"
101693,"Know_It_Alls"
101694,"Federalists"
101695,"Know_Nothings"
101696,"Federalists"
101697,"Federalists"
101698,"Know_Nothings"
101699,"Know_It_Alls"
101700,"Know_Nothings"
101701,"Federalists"
101702,"Know_It_Alls"
101703,"Know_Nothings"
101704,"Know_Nothings"
101705,"Know_It_Alls"
101706,"Know_Nothings"
101707,"Know_Somethings"
101708,"Federalists"
101709,"Know_It_Alls"
101710,"Federalists"
101711,"Federalists"
101712,"Federalists"
101713,"Federalists"
101714,"Know_It_Alls"
101715,"Know_Somethings"
101716,"Federalists"
101717,"Know_Nothings"
101718,"Federalists"
101719,"Know_It_Alls"
101720,"Federalists"
101721,"Federalists"
101722,"Know_It_Alls"
101723,"Federalists"
101724,"Know_It_Alls"
101725,"Federalists"
101726,"Federalists"
101727,"Know_Nothings"
101728,"Know_Somethings"
101729,"Federalists"
101730,"Federalists"
101731,"Know_Somethings"
101732,"Federalists"
101733,"Know_Nothings"
101734,"Know_It_Alls"
101735,"Know_It_Alls"
101736,"Know_It_Alls"
101737,"Know_Somethings"
101738,"Federalists"
101739,"Federalists"
101740,"Federalists"
101741,"Know_Nothings"
101742,"Federalists"
101743,"Know_It_Alls"
101744,"Federalists"
101745,"Know_Nothings"
101746,"Know_Nothings"
101747,"Federalists"
101748,"Know_It_Alls"
101749,"Federalists"
101750,"Know_Somethings"
101751,"Know_Nothings"
101752,"Know_It_Alls"
101753,"Federalists"
101754,"Federalists"
101755,"Know_Nothings"
101756,"Know_Nothings"
101757,"Federalists"
101758,"Federalists"
101759,"Know_Nothings"
101760,"Federalists"
101761,"Know_It_Alls"
101762,"Know_Nothings"
101763,"Federalists"
101764,"Federalists"
101765,"Federalists"
101766,"Know_Nothings"
101767,"Know_It_Alls"
101768,"Know_Nothings"
101769,"Federalists"
101770,"Know_Somethings"
101771,"Know_Nothings"
101772,"Know_Somethings"
101773,"Know_It_Alls"
101774,"Know_It_Alls"
101775,"Know_It_Alls"
101776,"Federalists"
101777,"Know_It_Alls"
101778,"Federalists"
101779,"Federalists"
101780,"Know_It_Alls"
101781,"Know_It_Alls"
101782,"Know_It_Alls"
101783,"Know_It_Alls"
101784,"Know_It_Alls"
101785,"Know_Nothings"
101786,"Know_Nothings"
101787,"Federalists"
101788,"Know_Nothings"
101789,"Know_It_Alls"
101790,"Federalists"
101791,"Know_It_Alls"
101792,"Federalists"
101793,"Federalists"
101794,"Know_Nothings"
101795,"Know_It_Alls"
101796,"Federalists"
101797,"Know_Somethings"
101798,"Know_It_Alls"
101799,"Federalists"
101800,"Federalists"
101801,"Know_Nothings"
101802,"Know_Nothings"
101803,"Know_It_Alls"
101804,"Know_Nothings"
101805,"Know_Nothings"
101806,"Know_Nothings"
101807,"Federalists"
101808,"Federalists"
101809,"Know_It_Alls"
101810,"Know_Nothings"
101811,"Know_Somethings"
101812,"Know_It_Alls"
101813,"Federalists"
101814,"Know_Somethings"
101815,"Federalists"
101816,"Know_Nothings"
101817,"Know_It_Alls"
101818,"Federalists"
101819,"Know_Somethings"
101820,"Federalists"
101821,"Federalists"
101822,"Federalists"
101823,"Know_Somethings"
101824,"Know_It_Alls"
101825,"Federalists"
101826,"Federalists"
101827,"Federalists"
101828,"Know_Nothings"
101829,"Know_It_Alls"
101830,"Know_Nothings"
101831,"Know_Nothings"
101832,"Federalists"
101833,"Federalists"
101834,"Know_Somethings"
101835,"Know_Nothings"
101836,"Know_Nothings"
101837,"Federalists"
101838,"Federalists"
101839,"Know_Nothings"
101840,"Know_It_Alls"
101841,"Federalists"
101842,"Know_It_Alls"
101843,"Know_It_Alls"
101844,"Federalists"
101845,"Federalists"
101846,"Know_Nothings"
101847,"Federalists"
101848,"Know_Somethings"
101849,"Know_It_Alls"
101850,"Know_It_Alls"
101851,"Know_Nothings"
101852,"Know_It_Alls"
101853,"Know_Nothings"
101854,"Federalists"
101855,"Federalists"
101856,"Know_Nothings"
101857,"Know_Nothings"
101858,"Know_Nothings"
101859,"Federalists"
101860,"Know_Nothings"
101861,"Know_Nothings"
101862,"Know_It_Alls"
101863,"Know_Nothings"
101864,"Know_It_Alls"
101865,"Federalists"
101866,"Know_Nothings"
101867,"Federalists"
101868,"Federalists"
101869,"Know_Nothings"
101870,"Know_Somethings"
101871,"Federalists"
101872,"Know_It_Alls"
101873,"Know_It_Alls"
101874,"Federalists"
101875,"Know_Nothings"
101876,"Know_Nothings"
101877,"Know_Nothings"
101878,"Know_It_Alls"
101879,"Federalists"
101880,"Federalists"
101881,"Federalists"
101882,"Know_Nothings"
101883,"Know_Nothings"
101884,"Federalists"
101885,"Know_It_Alls"
101886,"Federalists"
101887,"Know_Nothings"
101888,"Federalists"
101889,"Federalists"
101890,"Know_It_Alls"
101891,"Know_Nothings"
101892,"Know_It_Alls"
101893,"Know_It_Alls"
101894,"Know_Somethings"
101895,"Federalists"
101896,"Know_It_Alls"
101897,"Federalists"
101898,"Know_Somethings"
101899,"Federalists"
101900,"Federalists"
101901,"Know_Nothings"
101902,"Know_Nothings"
101903,"Know_It_Alls"
101904,"Federalists"
101905,"Know_Nothings"
101906,"Know_It_Alls"
101907,"Know_Somethings"
101908,"Know_Somethings"
101909,"Federalists"
101910,"Know_Nothings"
101911,"Know_Nothings"
101912,"Federalists"
101913,"Federalists"
101914,"Federalists"
101915,"Know_Nothings"
101916,"Federalists"
101917,"Know_Nothings"
101918,"Federalists"
101919,"Know_Nothings"
101920,"Federalists"
101921,"Federalists"
101922,"Federalists"
101923,"Know_Nothings"
101924,"Know_Somethings"
101925,"Know_Nothings"
101926,"Know_Somethings"
101927,"Federalists"
101928,"Federalists"
101929,"Know_It_Alls"
101930,"Know_Nothings"
101931,"Know_Somethings"
101932,"Federalists"
101933,"Federalists"
101934,"Know_Nothings"
101935,"Know_It_Alls"
101936,"Know_Nothings"
101937,"Know_Nothings"
101938,"Know_Nothings"
101939,"Know_It_Alls"
101940,"Federalists"
101941,"Know_Nothings"
101942,"Know_It_Alls"
101943,"Federalists"
101944,"Know_Nothings"
101945,"Federalists"
101946,"Know_It_Alls"
101947,"Know_It_Alls"
101948,"Federalists"
101949,"Know_Nothings"
101950,"Know_It_Alls"
101951,"Know_Nothings"
101952,"Know_It_Alls"
101953,"Know_Somethings"
101954,"Know_Nothings"
101955,"Know_Somethings"
101956,"Know_It_Alls"
101957,"Federalists"
101958,"Federalists"
101959,"Know_Nothings"
101960,"Know_Nothings"
101961,"Know_Somethings"
101962,"Know_Nothings"
101963,"Know_Nothings"
101964,"Know_It_Alls"
101965,"Know_Somethings"
101966,"Know_It_Alls"
101967,"Know_Nothings"
101968,"Know_Somethings"
101969,"Know_Nothings"
101970,"Know_Nothings"
101971,"Federalists"
101972,"Federalists"
101973,"Know_It_Alls"
101974,"Know_Somethings"
101975,"Know_Somethings"
101976,"Know_Nothings"
101977,"Know_Nothings"
101978,"Know_Somethings"
101979,"Federalists"
101980,"Know_Nothings"
101981,"Know_It_Alls"
101982,"Federalists"
101983,"Federalists"
101984,"Federalists"
101985,"Federalists"
101986,"Know_Somethings"
101987,"Know_Nothings"
101988,"Federalists"
101989,"Know_Nothings"
101990,"Know_Nothings"
101991,"Know_It_Alls"
101992,"Know_Nothings"
101993,"Know_Somethings"
101994,"Federalists"
101995,"Know_Nothings"
101996,"Know_Nothings"
101997,"Federalists"
101998,"Know_Nothings"
101999,"Federalists"
102000,"Know_It_Alls"
102001,"Know_It_Alls"
102002,"Know_Somethings"
102003,"Federalists"
102004,"Know_Nothings"
102005,"Know_Nothings"
102006,"Federalists"
102007,"Federalists"
102008,"Federalists"
102009,"Federalists"
102010,"Know_Nothings"
102011,"Know_Nothings"
102012,"Know_Nothings"
102013,"Know_Somethings"
102014,"Know_Somethings"
102015,"Know_It_Alls"
102016,"Federalists"
102017,"Know_Nothings"
102018,"Know_It_Alls"
102019,"Know_Nothings"
102020,"Know_Nothings"
102021,"Federalists"
102022,"Federalists"
102023,"Know_It_Alls"
102024,"Know_It_Alls"
102025,"Know_Somethings"
102026,"Know_Nothings"
102027,"Know_Somethings"
102028,"Know_It_Alls"
102029,"Know_It_Alls"
102030,"Know_Nothings"
102031,"Know_It_Alls"
102032,"Know_It_Alls"
102033,"Know_Nothings"
102034,"Know_Nothings"
102035,"Know_Somethings"
102036,"Federalists"
102037,"Know_It_Alls"
102038,"Know_It_Alls"
102039,"Know_Nothings"
102040,"Federalists"
102041,"Know_Nothings"
102042,"Federalists"
102043,"Know_Somethings"
102044,"Know_It_Alls"
102045,"Federalists"
102046,"Know_Nothings"
102047,"Know_Nothings"
102048,"Federalists"
102049,"Know_Somethings"
102050,"Know_Somethings"
102051,"Know_Somethings"
102052,"Federalists"
102053,"Know_Nothings"
102054,"Know_It_Alls"
102055,"Federalists"
102056,"Know_Nothings"
102057,"Know_Nothings"
102058,"Federalists"
102059,"Know_Nothings"
102060,"Know_Nothings"
102061,"Federalists"
102062,"Know_Nothings"
102063,"Know_Nothings"
102064,"Federalists"
102065,"Federalists"
102066,"Federalists"
102067,"Federalists"
102068,"Federalists"
102069,"Federalists"
102070,"Know_Nothings"
102071,"Know_It_Alls"
102072,"Know_Nothings"
102073,"Know_It_Alls"
102074,"Federalists"
102075,"Know_Nothings"
102076,"Federalists"
102077,"Know_It_Alls"
102078,"Know_Nothings"
102079,"Know_It_Alls"
102080,"Federalists"
102081,"Know_Nothings"
102082,"Know_It_Alls"
102083,"Know_Somethings"
102084,"Know_Nothings"
102085,"Know_Somethings"
102086,"Know_Somethings"
102087,"Know_Nothings"
102088,"Know_Nothings"
102089,"Know_It_Alls"
102090,"Know_Somethings"
102091,"Know_Nothings"
102092,"Know_Somethings"
102093,"Know_Nothings"
102094,"Federalists"
102095,"Federalists"
102096,"Know_Nothings"
102097,"Federalists"
102098,"Know_Somethings"
102099,"Know_Nothings"
102100,"Know_Somethings"
102101,"Federalists"
102102,"Know_Nothings"
102103,"Know_Somethings"
102104,"Know_It_Alls"
102105,"Federalists"
102106,"Federalists"
102107,"Federalists"
102108,"Federalists"
102109,"Federalists"
102110,"Federalists"
102111,"Know_Nothings"
102112,"Know_It_Alls"
102113,"Know_It_Alls"
102114,"Federalists"
102115,"Know_Somethings"
102116,"Know_Somethings"
102117,"Know_It_Alls"
102118,"Know_Nothings"
102119,"Know_Nothings"
102120,"Know_Nothings"
102121,"Federalists"
102122,"Federalists"
102123,"Federalists"
102124,"Know_It_Alls"
102125,"Know_Somethings"
102126,"Know_It_Alls"
102127,"Know_Somethings"
102128,"Know_Nothings"
102129,"Know_It_Alls"
102130,"Federalists"
102131,"Know_Nothings"
102132,"Know_Nothings"
102133,"Know_Nothings"
102134,"Federalists"
102135,"Federalists"
102136,"Know_Nothings"
102137,"Federalists"
102138,"Know_Nothings"
102139,"Know_It_Alls"
102140,"Know_Nothings"
102141,"Know_It_Alls"
102142,"Federalists"
102143,"Federalists"
102144,"Federalists"
102145,"Federalists"
102146,"Know_Somethings"
102147,"Know_Nothings"
102148,"Know_Nothings"
102149,"Know_Somethings"
102150,"Know_It_Alls"
102151,"Know_Somethings"
102152,"Federalists"
102153,"Federalists"
102154,"Know_Nothings"
102155,"Know_Nothings"
102156,"Know_Nothings"
102157,"Know_It_Alls"
102158,"Know_It_Alls"
102159,"Federalists"
102160,"Know_Nothings"
102161,"Federalists"
102162,"Know_Nothings"
102163,"Federalists"
102164,"Know_Somethings"
102165,"Know_Nothings"
102166,"Know_Somethings"
102167,"Know_Nothings"
102168,"Know_Somethings"
102169,"Know_Nothings"
102170,"Know_It_Alls"
102171,"Know_Somethings"
102172,"Know_It_Alls"
102173,"Federalists"
102174,"Federalists"
102175,"Know_It_Alls"
102176,"Know_Nothings"
102177,"Federalists"
102178,"Know_It_Alls"
102179,"Know_Nothings"
102180,"Know_It_Alls"
102181,"Know_Somethings"
102182,"Federalists"
102183,"Know_Nothings"
102184,"Federalists"
102185,"Know_Nothings"
102186,"Know_It_Alls"
102187,"Know_Nothings"
102188,"Know_It_Alls"
102189,"Know_Somethings"
102190,"Federalists"
102191,"Federalists"
102192,"Know_It_Alls"
102193,"Know_Nothings"
102194,"Know_It_Alls"
102195,"Federalists"
102196,"Federalists"
102197,"Federalists"
102198,"Federalists"
102199,"Federalists"
102200,"Know_Somethings"
102201,"Know_Nothings"
102202,"Know_It_Alls"
102203,"Federalists"
102204,"Know_It_Alls"
102205,"Know_Somethings"
102206,"Know_Nothings"
102207,"Federalists"
102208,"Federalists"
102209,"Federalists"
102210,"Know_It_Alls"
102211,"Know_Somethings"
102212,"Know_Somethings"
102213,"Know_Somethings"
102214,"Know_Somethings"
102215,"Federalists"
102216,"Federalists"
102217,"Federalists"
102218,"Federalists"
102219,"Federalists"
102220,"Know_Nothings"
102221,"Federalists"
102222,"Know_Somethings"
102223,"Know_It_Alls"
102224,"Federalists"
102225,"Know_Nothings"
102226,"Know_It_Alls"
102227,"Know_Nothings"
102228,"Federalists"
102229,"Know_Nothings"
102230,"Know_Nothings"
102231,"Federalists"
102232,"Know_Nothings"
102233,"Federalists"
102234,"Federalists"
102235,"Know_Nothings"
102236,"Federalists"
102237,"Know_Nothings"
102238,"Federalists"
102239,"Know_Nothings"
102240,"Know_Nothings"
102241,"Know_Nothings"
102242,"Federalists"
102243,"Know_Nothings"
102244,"Know_It_Alls"
102245,"Know_Nothings"
102246,"Federalists"
102247,"Federalists"
102248,"Federalists"
102249,"Federalists"
102250,"Federalists"
102251,"Know_It_Alls"
102252,"Know_It_Alls"
102253,"Federalists"
102254,"Know_Nothings"
102255,"Know_Somethings"
102256,"Know_Somethings"
102257,"Know_Nothings"
102258,"Know_It_Alls"
102259,"Know_Nothings"
102260,"Federalists"
102261,"Federalists"
102262,"Know_Somethings"
102263,"Federalists"
102264,"Know_Nothings"
102265,"Know_Somethings"
102266,"Federalists"
102267,"Know_Nothings"
102268,"Know_Nothings"
102269,"Federalists"
102270,"Know_Nothings"
102271,"Know_Nothings"
102272,"Know_Somethings"
102273,"Know_It_Alls"
102274,"Federalists"
102275,"Know_It_Alls"
102276,"Know_Nothings"
102277,"Know_Somethings"
102278,"Know_Nothings"
102279,"Federalists"
102280,"Know_It_Alls"
102281,"Federalists"
102282,"Know_Somethings"
102283,"Know_Nothings"
102284,"Know_Somethings"
102285,"Know_Nothings"
102286,"Federalists"
102287,"Know_Nothings"
102288,"Know_Somethings"
102289,"Know_Nothings"
102290,"Know_Nothings"
102291,"Know_Nothings"
102292,"Know_Nothings"
102293,"Federalists"
102294,"Know_Nothings"
102295,"Federalists"
102296,"Know_It_Alls"
102297,"Know_It_Alls"
102298,"Federalists"
102299,"Know_Nothings"
102300,"Federalists"
102301,"Know_Nothings"
102302,"Federalists"
102303,"Know_It_Alls"
102304,"Know_Nothings"
102305,"Federalists"
102306,"Know_Somethings"
102307,"Know_Nothings"
102308,"Know_Nothings"
102309,"Federalists"
102310,"Know_Nothings"
102311,"Know_It_Alls"
102312,"Federalists"
102313,"Federalists"
102314,"Know_Nothings"
102315,"Federalists"
102316,"Know_Somethings"
102317,"Federalists"
102318,"Know_Somethings"
102319,"Know_Somethings"
102320,"Know_Nothings"
102321,"Know_It_Alls"
102322,"Know_Nothings"
102323,"Federalists"
102324,"Know_Nothings"
102325,"Federalists"
102326,"Know_It_Alls"
102327,"Federalists"
102328,"Know_Somethings"
102329,"Know_Nothings"
102330,"Know_It_Alls"
102331,"Know_It_Alls"
102332,"Know_Nothings"
102333,"Federalists"
102334,"Know_Nothings"
102335,"Know_It_Alls"
102336,"Federalists"
102337,"Know_It_Alls"
102338,"Federalists"
102339,"Know_Nothings"
102340,"Know_Nothings"
102341,"Know_It_Alls"
102342,"Federalists"
102343,"Know_Somethings"
102344,"Know_It_Alls"
102345,"Know_Somethings"
102346,"Know_Somethings"
102347,"Know_Nothings"
102348,"Know_It_Alls"
102349,"Know_It_Alls"
102350,"Federalists"
102351,"Know_It_Alls"
102352,"Know_Somethings"
102353,"Know_Somethings"
102354,"Know_It_Alls"
102355,"Know_Nothings"
102356,"Federalists"
102357,"Federalists"
102358,"Federalists"
102359,"Know_It_Alls"
102360,"Know_Nothings"
102361,"Know_It_Alls"
102362,"Know_Nothings"
102363,"Federalists"
102364,"Know_Somethings"
102365,"Know_It_Alls"
102366,"Know_Nothings"
102367,"Know_It_Alls"
102368,"Know_Nothings"
102369,"Know_Nothings"
102370,"Know_It_Alls"
102371,"Federalists"
102372,"Know_It_Alls"
102373,"Know_It_Alls"
102374,"Federalists"
102375,"Know_It_Alls"
102376,"Know_Nothings"
102377,"Know_Nothings"
102378,"Know_Nothings"
102379,"Federalists"
102380,"Know_It_Alls"
102381,"Know_Nothings"
102382,"Know_It_Alls"
102383,"Know_Nothings"
102384,"Federalists"
102385,"Federalists"
102386,"Know_It_Alls"
102387,"Know_Somethings"
102388,"Federalists"
102389,"Know_It_Alls"
102390,"Know_Nothings"
102391,"Know_It_Alls"
102392,"Federalists"
102393,"Know_It_Alls"
102394,"Know_Nothings"
102395,"Know_Nothings"
102396,"Know_Nothings"
102397,"Federalists"
102398,"Know_Nothings"
102399,"Know_Somethings"
102400,"Know_Nothings"
102401,"Know_It_Alls"
102402,"Federalists"
102403,"Know_Somethings"
102404,"Know_Nothings"
102405,"Know_It_Alls"
102406,"Federalists"
102407,"Federalists"
102408,"Know_Nothings"
102409,"Know_It_Alls"
102410,"Know_Nothings"
102411,"Know_It_Alls"
102412,"Know_It_Alls"
102413,"Know_Nothings"
102414,"Know_It_Alls"
102415,"Federalists"
102416,"Federalists"
102417,"Know_It_Alls"
102418,"Know_It_Alls"
102419,"Federalists"
102420,"Federalists"
102421,"Know_Nothings"
102422,"Know_Nothings"
102423,"Know_Somethings"
102424,"Federalists"
102425,"Federalists"
102426,"Know_Nothings"
102427,"Federalists"
102428,"Know_It_Alls"
102429,"Federalists"
102430,"Know_Nothings"
102431,"Know_Nothings"
102432,"Federalists"
102433,"Know_Somethings"
102434,"Know_It_Alls"
102435,"Know_Nothings"
102436,"Federalists"
102437,"Know_It_Alls"
102438,"Know_Nothings"
102439,"Know_Nothings"
102440,"Federalists"
102441,"Know_Nothings"
102442,"Know_It_Alls"
102443,"Federalists"
102444,"Know_Somethings"
102445,"Federalists"
102446,"Federalists"
102447,"Federalists"
102448,"Federalists"
102449,"Federalists"
102450,"Know_Somethings"
102451,"Know_It_Alls"
102452,"Know_Somethings"
102453,"Know_Somethings"
102454,"Know_It_Alls"
102455,"Know_It_Alls"
102456,"Know_Nothings"
102457,"Know_Somethings"
102458,"Know_It_Alls"
102459,"Federalists"
102460,"Know_Nothings"
102461,"Know_Nothings"
102462,"Federalists"
102463,"Federalists"
102464,"Know_Nothings"
102465,"Federalists"
102466,"Know_Nothings"
102467,"Know_It_Alls"
102468,"Federalists"
102469,"Know_It_Alls"
102470,"Federalists"
102471,"Federalists"
102472,"Know_It_Alls"
102473,"Know_Nothings"
102474,"Know_Nothings"
102475,"Federalists"
102476,"Know_Nothings"
102477,"Know_Nothings"
102478,"Federalists"
102479,"Federalists"
102480,"Know_It_Alls"
102481,"Federalists"
102482,"Federalists"
102483,"Know_Nothings"
102484,"Know_Somethings"
102485,"Know_Nothings"
102486,"Know_Somethings"
102487,"Federalists"
102488,"Know_It_Alls"
102489,"Know_Nothings"
102490,"Federalists"
102491,"Know_It_Alls"
102492,"Federalists"
102493,"Know_It_Alls"
102494,"Know_It_Alls"
102495,"Know_It_Alls"
102496,"Federalists"
102497,"Federalists"
102498,"Know_Nothings"
102499,"Know_Nothings"
102500,"Know_Nothings"
102501,"Federalists"
102502,"Federalists"
102503,"Know_Nothings"
102504,"Know_Nothings"
102505,"Know_Somethings"
102506,"Federalists"
102507,"Know_Nothings"
102508,"Federalists"
102509,"Federalists"
102510,"Know_Nothings"
102511,"Know_Nothings"
102512,"Federalists"
102513,"Know_Nothings"
102514,"Federalists"
102515,"Federalists"
102516,"Know_Nothings"
102517,"Know_Nothings"
102518,"Federalists"
102519,"Know_Nothings"
102520,"Federalists"
102521,"Know_Nothings"
102522,"Federalists"
102523,"Know_Nothings"
102524,"Federalists"
102525,"Know_Nothings"
102526,"Know_It_Alls"
102527,"Know_Nothings"
102528,"Federalists"
102529,"Federalists"
102530,"Know_Nothings"
102531,"Know_It_Alls"
102532,"Know_Nothings"
102533,"Know_It_Alls"
102534,"Federalists"
102535,"Know_Nothings"
102536,"Know_Nothings"
102537,"Know_Nothings"
102538,"Federalists"
102539,"Know_It_Alls"
102540,"Know_It_Alls"
102541,"Federalists"
102542,"Know_It_Alls"
102543,"Federalists"
102544,"Know_Nothings"
102545,"Federalists"
102546,"Know_It_Alls"
102547,"Know_It_Alls"
102548,"Know_It_Alls"
102549,"Know_It_Alls"
102550,"Know_Nothings"
102551,"Know_Nothings"
102552,"Federalists"
102553,"Know_Nothings"
102554,"Federalists"
102555,"Federalists"
102556,"Federalists"
102557,"Know_It_Alls"
102558,"Know_It_Alls"
102559,"Know_It_Alls"
102560,"Know_Nothings"
102561,"Know_Nothings"
102562,"Know_Somethings"
102563,"Federalists"
102564,"Know_Nothings"
102565,"Know_It_Alls"
102566,"Federalists"
102567,"Know_Nothings"
102568,"Know_Nothings"
102569,"Know_It_Alls"
102570,"Federalists"
102571,"Know_Nothings"
102572,"Federalists"
102573,"Know_Somethings"
102574,"Know_It_Alls"
102575,"Know_Nothings"
102576,"Federalists"
102577,"Federalists"
102578,"Federalists"
102579,"Know_Nothings"
102580,"Know_It_Alls"
102581,"Federalists"
102582,"Know_Nothings"
102583,"Know_It_Alls"
102584,"Know_Somethings"
102585,"Know_Nothings"
102586,"Know_Nothings"
102587,"Federalists"
102588,"Know_Somethings"
102589,"Federalists"
102590,"Know_Somethings"
102591,"Federalists"
102592,"Federalists"
102593,"Federalists"
102594,"Know_Nothings"
102595,"Know_Nothings"
102596,"Know_It_Alls"
102597,"Know_Nothings"
102598,"Know_It_Alls"
102599,"Know_Nothings"
102600,"Know_Nothings"
102601,"Federalists"
102602,"Know_Somethings"
102603,"Federalists"
102604,"Know_It_Alls"
102605,"Know_Nothings"
102606,"Know_Nothings"
102607,"Know_It_Alls"
102608,"Federalists"
102609,"Know_Nothings"
102610,"Know_Nothings"
102611,"Know_Somethings"
102612,"Know_Nothings"
102613,"Know_Somethings"
102614,"Know_Nothings"
102615,"Know_Nothings"
102616,"Know_Nothings"
102617,"Federalists"
102618,"Federalists"
102619,"Know_It_Alls"
102620,"Federalists"
102621,"Know_Nothings"
102622,"Know_Somethings"
102623,"Federalists"
102624,"Federalists"
102625,"Know_It_Alls"
102626,"Know_It_Alls"
102627,"Federalists"
102628,"Federalists"
102629,"Know_Somethings"
102630,"Know_Somethings"
102631,"Federalists"
102632,"Federalists"
102633,"Federalists"
102634,"Know_Nothings"
102635,"Federalists"
102636,"Know_It_Alls"
102637,"Federalists"
102638,"Know_It_Alls"
102639,"Know_Nothings"
102640,"Federalists"
102641,"Know_Nothings"
102642,"Know_It_Alls"
102643,"Know_It_Alls"
102644,"Federalists"
102645,"Know_Somethings"
102646,"Know_Nothings"
102647,"Know_It_Alls"
102648,"Federalists"
102649,"Know_Nothings"
102650,"Know_Somethings"
102651,"Know_Somethings"
102652,"Know_It_Alls"
102653,"Know_Nothings"
102654,"Know_Nothings"
102655,"Federalists"
102656,"Know_Nothings"
102657,"Know_It_Alls"
102658,"Know_Nothings"
102659,"Know_Nothings"
102660,"Know_It_Alls"
102661,"Know_Somethings"
102662,"Know_It_Alls"
102663,"Know_Somethings"
102664,"Know_It_Alls"
102665,"Know_It_Alls"
102666,"Know_It_Alls"
102667,"Know_It_Alls"
102668,"Federalists"
102669,"Know_It_Alls"
102670,"Know_Nothings"
102671,"Federalists"
102672,"Know_Somethings"
102673,"Know_Nothings"
102674,"Know_Nothings"
102675,"Federalists"
102676,"Federalists"
102677,"Know_It_Alls"
102678,"Know_Nothings"
102679,"Federalists"
102680,"Know_Nothings"
102681,"Know_It_Alls"
102682,"Know_It_Alls"
102683,"Know_It_Alls"
102684,"Know_Nothings"
102685,"Know_It_Alls"
102686,"Know_Nothings"
102687,"Federalists"
102688,"Federalists"
102689,"Federalists"
102690,"Know_It_Alls"
102691,"Know_Nothings"
102692,"Federalists"
102693,"Federalists"
102694,"Know_Somethings"
102695,"Know_It_Alls"
102696,"Know_It_Alls"
102697,"Know_Somethings"
102698,"Federalists"
102699,"Federalists"
102700,"Know_Somethings"
102701,"Know_Nothings"
102702,"Federalists"
102703,"Know_Nothings"
102704,"Know_Somethings"
102705,"Know_Nothings"
102706,"Know_Nothings"
102707,"Know_Nothings"
102708,"Know_Nothings"
102709,"Know_Nothings"
102710,"Know_Nothings"
102711,"Know_Nothings"
102712,"Federalists"
102713,"Federalists"
102714,"Know_Nothings"
102715,"Federalists"
102716,"Know_It_Alls"
102717,"Federalists"
102718,"Know_It_Alls"
102719,"Know_Nothings"
102720,"Know_Nothings"
102721,"Know_Somethings"
102722,"Federalists"
102723,"Federalists"
102724,"Know_Somethings"
102725,"Know_Somethings"
102726,"Know_It_Alls"
102727,"Federalists"
102728,"Federalists"
102729,"Know_It_Alls"
102730,"Know_It_Alls"
102731,"Know_Somethings"
102732,"Know_It_Alls"
102733,"Know_Nothings"
102734,"Federalists"
102735,"Know_Somethings"
102736,"Know_It_Alls"
102737,"Federalists"
102738,"Federalists"
102739,"Know_Somethings"
102740,"Federalists"
102741,"Federalists"
102742,"Federalists"
102743,"Know_It_Alls"
102744,"Know_Nothings"
102745,"Know_Nothings"
102746,"Federalists"
102747,"Know_Nothings"
102748,"Know_Nothings"
102749,"Federalists"
102750,"Know_It_Alls"
102751,"Know_Nothings"
102752,"Federalists"
102753,"Know_Nothings"
102754,"Federalists"
102755,"Know_Nothings"
102756,"Know_Nothings"
102757,"Know_Nothings"
102758,"Know_It_Alls"
102759,"Know_It_Alls"
102760,"Know_It_Alls"
102761,"Know_It_Alls"
102762,"Know_Nothings"
102763,"Federalists"
102764,"Know_Nothings"
102765,"Federalists"
102766,"Know_Nothings"
102767,"Federalists"
102768,"Federalists"
102769,"Federalists"
102770,"Know_Nothings"
102771,"Federalists"
102772,"Federalists"
102773,"Federalists"
102774,"Know_Nothings"
102775,"Federalists"
102776,"Federalists"
102777,"Know_Nothings"
102778,"Federalists"
102779,"Know_It_Alls"
102780,"Know_Nothings"
102781,"Know_Nothings"
102782,"Federalists"
102783,"Federalists"
102784,"Know_It_Alls"
102785,"Federalists"
102786,"Know_Nothings"
102787,"Federalists"
102788,"Federalists"
102789,"Federalists"
102790,"Know_Nothings"
102791,"Know_Nothings"
102792,"Know_Nothings"
102793,"Know_It_Alls"
102794,"Know_It_Alls"
102795,"Federalists"
102796,"Know_Nothings"
102797,"Know_Nothings"
102798,"Know_Nothings"
102799,"Know_Nothings"
102800,"Federalists"
102801,"Know_Somethings"
102802,"Federalists"
102803,"Know_It_Alls"
102804,"Federalists"
102805,"Know_Somethings"
102806,"Federalists"
102807,"Federalists"
102808,"Know_It_Alls"
102809,"Know_Nothings"
102810,"Federalists"
102811,"Federalists"
102812,"Federalists"
102813,"Know_It_Alls"
102814,"Know_It_Alls"
102815,"Know_It_Alls"
102816,"Know_Nothings"
102817,"Federalists"
102818,"Know_It_Alls"
102819,"Know_Nothings"
102820,"Know_Somethings"
102821,"Federalists"
102822,"Know_Nothings"
102823,"Know_It_Alls"
102824,"Know_Nothings"
102825,"Know_Nothings"
102826,"Federalists"
102827,"Federalists"
102828,"Federalists"
102829,"Know_Nothings"
102830,"Know_It_Alls"
102831,"Know_Nothings"
102832,"Know_It_Alls"
102833,"Know_Somethings"
102834,"Know_Nothings"
102835,"Know_Nothings"
102836,"Know_It_Alls"
102837,"Know_It_Alls"
102838,"Know_Somethings"
102839,"Know_It_Alls"
102840,"Know_Nothings"
102841,"Federalists"
102842,"Federalists"
102843,"Know_It_Alls"
102844,"Federalists"
102845,"Federalists"
102846,"Know_Somethings"
102847,"Know_Nothings"
102848,"Know_Nothings"
102849,"Federalists"
102850,"Know_Somethings"
102851,"Know_Nothings"
102852,"Know_Somethings"
102853,"Know_Somethings"
102854,"Know_It_Alls"
102855,"Know_Nothings"
102856,"Know_It_Alls"
102857,"Federalists"
102858,"Know_Nothings"
102859,"Federalists"
102860,"Federalists"
102861,"Know_Nothings"
102862,"Know_Nothings"
102863,"Know_Nothings"
102864,"Federalists"
102865,"Know_It_Alls"
102866,"Federalists"
102867,"Know_It_Alls"
102868,"Federalists"
102869,"Know_It_Alls"
102870,"Federalists"
102871,"Know_It_Alls"
102872,"Know_Nothings"
102873,"Know_Nothings"
102874,"Federalists"
102875,"Know_It_Alls"
102876,"Know_Nothings"
102877,"Know_Somethings"
102878,"Know_Nothings"
102879,"Know_Nothings"
102880,"Know_Somethings"
102881,"Know_Somethings"
102882,"Federalists"
102883,"Know_It_Alls"
102884,"Know_Nothings"
102885,"Federalists"
102886,"Know_Nothings"
102887,"Federalists"
102888,"Know_Nothings"
102889,"Know_Somethings"
102890,"Federalists"
102891,"Know_It_Alls"
102892,"Know_It_Alls"
102893,"Federalists"
102894,"Know_It_Alls"
102895,"Federalists"
102896,"Know_Nothings"
102897,"Know_It_Alls"
102898,"Know_It_Alls"
102899,"Federalists"
102900,"Know_Nothings"
102901,"Federalists"
102902,"Know_Nothings"
102903,"Know_It_Alls"
102904,"Know_Somethings"
102905,"Federalists"
102906,"Know_It_Alls"
102907,"Federalists"
102908,"Federalists"
102909,"Know_It_Alls"
102910,"Know_It_Alls"
102911,"Know_Nothings"
102912,"Know_Nothings"
102913,"Know_Nothings"
102914,"Know_Somethings"
102915,"Know_Nothings"
102916,"Know_Somethings"
102917,"Know_It_Alls"
102918,"Know_It_Alls"
102919,"Know_Nothings"
102920,"Federalists"
102921,"Know_Nothings"
102922,"Know_Nothings"
102923,"Know_Somethings"
102924,"Know_Nothings"
102925,"Federalists"
102926,"Know_Nothings"
102927,"Federalists"
102928,"Federalists"
102929,"Know_It_Alls"
102930,"Federalists"
102931,"Know_Nothings"
102932,"Know_It_Alls"
102933,"Know_Nothings"
102934,"Know_Somethings"
102935,"Know_It_Alls"
102936,"Federalists"
102937,"Know_It_Alls"
102938,"Know_It_Alls"
102939,"Know_It_Alls"
102940,"Federalists"
102941,"Know_It_Alls"
102942,"Know_It_Alls"
102943,"Federalists"
102944,"Federalists"
102945,"Federalists"
102946,"Know_It_Alls"
102947,"Know_It_Alls"
102948,"Federalists"
102949,"Federalists"
102950,"Federalists"
102951,"Know_Nothings"
102952,"Federalists"
102953,"Know_It_Alls"
102954,"Know_Nothings"
102955,"Federalists"
102956,"Know_It_Alls"
102957,"Know_Nothings"
102958,"Federalists"
102959,"Know_Somethings"
102960,"Federalists"
102961,"Federalists"
102962,"Know_It_Alls"
102963,"Federalists"
102964,"Know_Nothings"
102965,"Know_Somethings"
102966,"Know_Nothings"
102967,"Federalists"
102968,"Know_Nothings"
102969,"Federalists"
102970,"Know_Nothings"
102971,"Federalists"
102972,"Know_It_Alls"
102973,"Federalists"
102974,"Know_Nothings"
102975,"Federalists"
102976,"Federalists"
102977,"Know_Nothings"
102978,"Know_Nothings"
102979,"Know_Nothings"
102980,"Know_Nothings"
102981,"Federalists"
102982,"Federalists"
102983,"Know_It_Alls"
102984,"Know_Nothings"
102985,"Federalists"
102986,"Know_Nothings"
102987,"Know_Nothings"
102988,"Know_Somethings"
102989,"Federalists"
102990,"Know_Nothings"
102991,"Know_It_Alls"
102992,"Federalists"
102993,"Know_It_Alls"
102994,"Know_Nothings"
102995,"Know_Nothings"
102996,"Know_It_Alls"
102997,"Know_It_Alls"
102998,"Federalists"
102999,"Know_Nothings"
103000,"Know_It_Alls"
103001,"Know_Nothings"
103002,"Federalists"
103003,"Know_It_Alls"
103004,"Know_It_Alls"
103005,"Know_It_Alls"
103006,"Federalists"
103007,"Know_Somethings"
103008,"Federalists"
103009,"Know_It_Alls"
103010,"Know_Nothings"
103011,"Federalists"
103012,"Federalists"
103013,"Know_It_Alls"
103014,"Know_It_Alls"
103015,"Know_It_Alls"
103016,"Federalists"
103017,"Know_Nothings"
103018,"Federalists"
103019,"Know_It_Alls"
103020,"Federalists"
103021,"Know_Nothings"
103022,"Know_It_Alls"
103023,"Federalists"
103024,"Federalists"
103025,"Know_Nothings"
103026,"Know_Nothings"
103027,"Know_Nothings"
103028,"Know_Nothings"
103029,"Federalists"
103030,"Know_Somethings"
103031,"Federalists"
103032,"Know_Somethings"
103033,"Know_Nothings"
103034,"Know_It_Alls"
103035,"Know_Nothings"
103036,"Know_Nothings"
103037,"Know_Nothings"
103038,"Know_Nothings"
103039,"Know_It_Alls"
103040,"Know_It_Alls"
103041,"Know_It_Alls"
103042,"Federalists"
103043,"Federalists"
103044,"Federalists"
103045,"Federalists"
103046,"Federalists"
103047,"Know_Nothings"
103048,"Federalists"
103049,"Know_Nothings"
103050,"Federalists"
103051,"Know_Nothings"
103052,"Know_It_Alls"
103053,"Federalists"
103054,"Know_Somethings"
103055,"Federalists"
103056,"Know_Nothings"
103057,"Federalists"
103058,"Know_Somethings"
103059,"Federalists"
103060,"Federalists"
103061,"Know_It_Alls"
103062,"Know_It_Alls"
103063,"Know_It_Alls"
103064,"Federalists"
103065,"Know_Somethings"
103066,"Federalists"
103067,"Federalists"
103068,"Federalists"
103069,"Know_Nothings"
103070,"Know_It_Alls"
103071,"Federalists"
103072,"Know_It_Alls"
103073,"Know_It_Alls"
103074,"Federalists"
103075,"Know_It_Alls"
103076,"Know_It_Alls"
103077,"Know_Nothings"
103078,"Federalists"
103079,"Know_Nothings"
103080,"Federalists"
103081,"Federalists"
103082,"Know_Nothings"
103083,"Know_Nothings"
103084,"Know_Nothings"
103085,"Know_It_Alls"
103086,"Federalists"
103087,"Know_Nothings"
103088,"Know_It_Alls"
103089,"Know_Nothings"
103090,"Know_Nothings"
103091,"Know_It_Alls"
103092,"Know_Nothings"
103093,"Federalists"
103094,"Know_Somethings"
103095,"Federalists"
103096,"Federalists"
103097,"Federalists"
103098,"Federalists"
103099,"Federalists"
103100,"Know_It_Alls"
103101,"Federalists"
103102,"Federalists"
103103,"Know_It_Alls"
103104,"Federalists"
103105,"Know_Somethings"
103106,"Know_Somethings"
103107,"Know_Nothings"
103108,"Federalists"
103109,"Federalists"
103110,"Know_Nothings"
103111,"Know_Nothings"
103112,"Know_It_Alls"
103113,"Know_It_Alls"
103114,"Know_Nothings"
103115,"Federalists"
103116,"Know_Nothings"
103117,"Know_Nothings"
103118,"Know_Nothings"
103119,"Know_Nothings"
103120,"Know_Somethings"
103121,"Know_It_Alls"
103122,"Know_Nothings"
103123,"Federalists"
103124,"Know_Nothings"
103125,"Federalists"
103126,"Know_Nothings"
103127,"Federalists"
103128,"Know_Nothings"
103129,"Know_It_Alls"
103130,"Know_It_Alls"
103131,"Know_Nothings"
103132,"Federalists"
103133,"Know_It_Alls"
103134,"Know_Somethings"
103135,"Know_Somethings"
103136,"Federalists"
103137,"Know_Nothings"
103138,"Federalists"
103139,"Know_Somethings"
103140,"Know_Somethings"
103141,"Federalists"
103142,"Know_It_Alls"
103143,"Know_It_Alls"
103144,"Know_It_Alls"
103145,"Know_Nothings"
103146,"Federalists"
103147,"Federalists"
103148,"Know_It_Alls"
103149,"Know_It_Alls"
103150,"Know_Nothings"
103151,"Federalists"
103152,"Federalists"
103153,"Know_Somethings"
103154,"Federalists"
103155,"Know_Nothings"
103156,"Know_Somethings"
103157,"Know_It_Alls"
103158,"Federalists"
103159,"Federalists"
103160,"Know_Nothings"
103161,"Know_Nothings"
103162,"Federalists"
103163,"Federalists"
103164,"Know_Somethings"
103165,"Federalists"
103166,"Federalists"
103167,"Know_It_Alls"
103168,"Federalists"
103169,"Know_It_Alls"
103170,"Know_Somethings"
103171,"Federalists"
103172,"Know_Nothings"
103173,"Know_Somethings"
103174,"Federalists"
103175,"Know_It_Alls"
103176,"Federalists"
103177,"Know_It_Alls"
103178,"Know_It_Alls"
103179,"Know_Nothings"
103180,"Know_Nothings"
103181,"Know_Nothings"
103182,"Federalists"
103183,"Federalists"
103184,"Know_It_Alls"
103185,"Know_Somethings"
103186,"Know_Nothings"
103187,"Know_Nothings"
103188,"Know_Nothings"
103189,"Federalists"
103190,"Know_Nothings"
103191,"Know_It_Alls"
103192,"Know_It_Alls"
103193,"Know_It_Alls"
103194,"Know_Nothings"
103195,"Know_It_Alls"
103196,"Know_Nothings"
103197,"Know_Nothings"
103198,"Federalists"
103199,"Know_It_Alls"
103200,"Know_Somethings"
103201,"Federalists"
103202,"Know_Somethings"
103203,"Know_Somethings"
103204,"Know_Nothings"
103205,"Know_Nothings"
103206,"Federalists"
103207,"Know_It_Alls"
103208,"Federalists"
103209,"Federalists"
103210,"Federalists"
103211,"Federalists"
103212,"Know_Somethings"
103213,"Federalists"
103214,"Know_It_Alls"
103215,"Know_It_Alls"
103216,"Know_It_Alls"
103217,"Know_It_Alls"
103218,"Federalists"
103219,"Know_Somethings"
103220,"Know_Nothings"
103221,"Know_Nothings"
103222,"Know_Nothings"
103223,"Federalists"
103224,"Know_Nothings"
103225,"Know_Nothings"
103226,"Know_It_Alls"
103227,"Know_Nothings"
103228,"Know_It_Alls"
103229,"Federalists"
103230,"Federalists"
103231,"Know_Somethings"
103232,"Know_It_Alls"
103233,"Know_Nothings"
103234,"Federalists"
103235,"Know_Nothings"
103236,"Federalists"
103237,"Know_It_Alls"
103238,"Know_It_Alls"
103239,"Know_Somethings"
103240,"Know_Nothings"
103241,"Know_Somethings"
103242,"Know_Nothings"
103243,"Federalists"
103244,"Federalists"
103245,"Know_It_Alls"
103246,"Know_Somethings"
103247,"Know_It_Alls"
103248,"Know_Somethings"
103249,"Federalists"
103250,"Know_Somethings"
103251,"Know_Nothings"
103252,"Know_Nothings"
103253,"Know_It_Alls"
103254,"Federalists"
103255,"Federalists"
103256,"Know_Nothings"
103257,"Know_It_Alls"
103258,"Know_Nothings"
103259,"Know_It_Alls"
103260,"Know_Nothings"
103261,"Federalists"
103262,"Know_It_Alls"
103263,"Federalists"
103264,"Know_Somethings"
103265,"Know_Nothings"
103266,"Know_It_Alls"
103267,"Federalists"
103268,"Know_It_Alls"
103269,"Federalists"
103270,"Know_Nothings"
103271,"Know_Somethings"
103272,"Federalists"
103273,"Know_It_Alls"
103274,"Know_Nothings"
103275,"Know_Nothings"
103276,"Federalists"
103277,"Know_Nothings"
103278,"Federalists"
103279,"Know_It_Alls"
103280,"Know_Nothings"
103281,"Know_Nothings"
103282,"Federalists"
103283,"Federalists"
103284,"Federalists"
103285,"Federalists"
103286,"Know_Nothings"
103287,"Federalists"
103288,"Federalists"
103289,"Know_It_Alls"
103290,"Know_Nothings"
103291,"Federalists"
103292,"Know_It_Alls"
103293,"Federalists"
103294,"Federalists"
103295,"Federalists"
103296,"Know_It_Alls"
103297,"Federalists"
103298,"Know_Nothings"
103299,"Know_Nothings"
103300,"Federalists"
103301,"Federalists"
103302,"Know_It_Alls"
103303,"Know_Somethings"
103304,"Federalists"
103305,"Federalists"
103306,"Know_It_Alls"
103307,"Federalists"
103308,"Know_Nothings"
103309,"Federalists"
103310,"Federalists"
103311,"Know_It_Alls"
103312,"Federalists"
103313,"Know_Nothings"
103314,"Federalists"
103315,"Federalists"
103316,"Know_Somethings"
103317,"Federalists"
103318,"Know_It_Alls"
103319,"Know_Nothings"
103320,"Federalists"
103321,"Federalists"
103322,"Federalists"
103323,"Know_Somethings"
103324,"Federalists"
103325,"Federalists"
103326,"Know_It_Alls"
103327,"Know_It_Alls"
103328,"Know_Nothings"
103329,"Federalists"
103330,"Know_It_Alls"
103331,"Know_It_Alls"
103332,"Know_It_Alls"
103333,"Know_Nothings"
103334,"Know_It_Alls"
103335,"Know_Somethings"
103336,"Know_Somethings"
103337,"Know_Nothings"
103338,"Know_It_Alls"
103339,"Know_Nothings"
103340,"Federalists"
103341,"Federalists"
103342,"Federalists"
103343,"Know_It_Alls"
103344,"Know_Somethings"
103345,"Know_It_Alls"
103346,"Federalists"
103347,"Know_Nothings"
103348,"Federalists"
103349,"Know_It_Alls"
103350,"Federalists"
103351,"Federalists"
103352,"Federalists"
103353,"Know_It_Alls"
103354,"Know_Nothings"
103355,"Know_Nothings"
103356,"Federalists"
103357,"Know_It_Alls"
103358,"Know_Nothings"
103359,"Know_Nothings"
103360,"Know_Nothings"
103361,"Know_Nothings"
103362,"Know_Nothings"
103363,"Federalists"
103364,"Federalists"
103365,"Federalists"
103366,"Know_Nothings"
103367,"Know_Somethings"
103368,"Federalists"
103369,"Know_Somethings"
103370,"Federalists"
103371,"Know_Somethings"
103372,"Federalists"
103373,"Know_It_Alls"
103374,"Know_It_Alls"
103375,"Federalists"
103376,"Know_It_Alls"
103377,"Know_It_Alls"
103378,"Know_It_Alls"
103379,"Know_Nothings"
103380,"Federalists"
103381,"Know_Nothings"
103382,"Federalists"
103383,"Know_Nothings"
103384,"Know_It_Alls"
103385,"Know_It_Alls"
103386,"Federalists"
103387,"Know_Nothings"
103388,"Federalists"
103389,"Federalists"
103390,"Federalists"
103391,"Know_Nothings"
103392,"Know_Nothings"
103393,"Know_It_Alls"
103394,"Federalists"
103395,"Know_It_Alls"
103396,"Know_Nothings"
103397,"Know_It_Alls"
103398,"Federalists"
103399,"Know_It_Alls"
103400,"Know_Nothings"
103401,"Know_Nothings"
103402,"Know_Nothings"
103403,"Federalists"
103404,"Federalists"
103405,"Federalists"
103406,"Federalists"
103407,"Know_Somethings"
103408,"Know_It_Alls"
103409,"Know_Nothings"
103410,"Know_Somethings"
103411,"Know_Nothings"
103412,"Know_Somethings"
103413,"Know_Nothings"
103414,"Federalists"
103415,"Federalists"
103416,"Know_Nothings"
103417,"Know_Nothings"
103418,"Federalists"
103419,"Know_Nothings"
103420,"Know_Somethings"
103421,"Know_Nothings"
103422,"Know_It_Alls"
103423,"Know_It_Alls"
103424,"Know_Nothings"
103425,"Know_Nothings"
103426,"Know_Nothings"
103427,"Know_It_Alls"
103428,"Federalists"
103429,"Federalists"
103430,"Know_It_Alls"
103431,"Federalists"
103432,"Know_It_Alls"
103433,"Federalists"
103434,"Federalists"
103435,"Federalists"
103436,"Federalists"
103437,"Federalists"
103438,"Federalists"
103439,"Know_Somethings"
103440,"Federalists"
103441,"Know_It_Alls"
103442,"Know_Nothings"
103443,"Federalists"
103444,"Federalists"
103445,"Know_Nothings"
103446,"Know_Nothings"
103447,"Know_Nothings"
103448,"Federalists"
103449,"Federalists"
103450,"Federalists"
103451,"Federalists"
103452,"Federalists"
103453,"Know_Somethings"
103454,"Know_Nothings"
103455,"Know_It_Alls"
103456,"Federalists"
103457,"Know_It_Alls"
103458,"Know_Nothings"
103459,"Know_Nothings"
103460,"Know_It_Alls"
103461,"Know_Nothings"
103462,"Know_Nothings"
103463,"Know_Somethings"
103464,"Know_Nothings"
103465,"Know_Somethings"
103466,"Know_Nothings"
103467,"Know_It_Alls"
103468,"Know_Nothings"
103469,"Know_Nothings"
103470,"Know_Nothings"
103471,"Know_Nothings"
103472,"Know_Nothings"
103473,"Know_Nothings"
103474,"Know_Somethings"
103475,"Federalists"
103476,"Know_Nothings"
103477,"Know_Somethings"
103478,"Know_Nothings"
103479,"Know_Somethings"
103480,"Know_Nothings"
103481,"Federalists"
103482,"Know_It_Alls"
103483,"Know_It_Alls"
103484,"Federalists"
103485,"Know_Somethings"
103486,"Know_Nothings"
103487,"Know_Nothings"
103488,"Federalists"
103489,"Know_Nothings"
103490,"Know_Nothings"
103491,"Know_Nothings"
103492,"Know_Nothings"
103493,"Federalists"
103494,"Know_Nothings"
103495,"Know_It_Alls"
103496,"Know_It_Alls"
103497,"Know_Nothings"
103498,"Know_Nothings"
103499,"Federalists"
103500,"Federalists"
103501,"Federalists"
103502,"Know_It_Alls"
103503,"Know_Nothings"
103504,"Federalists"
103505,"Federalists"
103506,"Know_It_Alls"
103507,"Know_Nothings"
103508,"Know_Somethings"
103509,"Know_Nothings"
103510,"Federalists"
103511,"Know_Nothings"
103512,"Know_Nothings"
103513,"Know_Somethings"
103514,"Federalists"
103515,"Know_Nothings"
103516,"Know_Nothings"
103517,"Know_It_Alls"
103518,"Know_It_Alls"
103519,"Know_Somethings"
103520,"Know_Nothings"
103521,"Know_Nothings"
103522,"Federalists"
103523,"Know_Somethings"
103524,"Know_Nothings"
103525,"Federalists"
103526,"Know_It_Alls"
103527,"Know_It_Alls"
103528,"Know_It_Alls"
103529,"Federalists"
103530,"Know_Somethings"
103531,"Know_It_Alls"
103532,"Know_Nothings"
103533,"Federalists"
103534,"Federalists"
103535,"Know_Nothings"
103536,"Know_Nothings"
103537,"Know_It_Alls"
103538,"Federalists"
103539,"Federalists"
103540,"Know_Nothings"
103541,"Know_It_Alls"
103542,"Know_Nothings"
103543,"Federalists"
103544,"Know_It_Alls"
103545,"Know_It_Alls"
103546,"Know_Nothings"
103547,"Know_It_Alls"
103548,"Know_Nothings"
103549,"Federalists"
103550,"Federalists"
103551,"Know_It_Alls"
103552,"Federalists"
103553,"Know_It_Alls"
103554,"Federalists"
103555,"Federalists"
103556,"Know_It_Alls"
103557,"Know_It_Alls"
103558,"Federalists"
103559,"Know_Nothings"
103560,"Know_Nothings"
103561,"Know_Nothings"
103562,"Know_It_Alls"
103563,"Know_It_Alls"
103564,"Know_Nothings"
103565,"Know_Somethings"
103566,"Know_Somethings"
103567,"Federalists"
103568,"Federalists"
103569,"Know_It_Alls"
103570,"Know_Nothings"
103571,"Know_Nothings"
103572,"Know_It_Alls"
103573,"Know_Nothings"
103574,"Know_Nothings"
103575,"Know_Somethings"
103576,"Know_Nothings"
103577,"Federalists"
103578,"Know_Somethings"
103579,"Federalists"
103580,"Federalists"
103581,"Federalists"
103582,"Federalists"
103583,"Know_Nothings"
103584,"Know_Somethings"
103585,"Know_Nothings"
103586,"Know_Somethings"
103587,"Know_Nothings"
103588,"Know_Nothings"
103589,"Federalists"
103590,"Know_Somethings"
103591,"Federalists"
103592,"Know_Somethings"
103593,"Know_Somethings"
103594,"Federalists"
103595,"Know_Nothings"
103596,"Federalists"
103597,"Know_Nothings"
103598,"Know_Somethings"
103599,"Know_Nothings"
103600,"Know_Nothings"
103601,"Know_It_Alls"
103602,"Know_Nothings"
103603,"Know_It_Alls"
103604,"Know_It_Alls"
103605,"Know_Nothings"
103606,"Know_It_Alls"
103607,"Know_Somethings"
103608,"Know_Nothings"
103609,"Know_Nothings"
103610,"Know_Nothings"
103611,"Know_It_Alls"
103612,"Know_It_Alls"
103613,"Know_Nothings"
103614,"Know_Nothings"
103615,"Know_Nothings"
103616,"Know_Nothings"
103617,"Know_It_Alls"
103618,"Know_It_Alls"
103619,"Know_Nothings"
103620,"Know_Nothings"
103621,"Know_Nothings"
103622,"Know_Nothings"
103623,"Federalists"
103624,"Know_Nothings"
103625,"Know_It_Alls"
103626,"Federalists"
103627,"Federalists"
103628,"Know_It_Alls"
103629,"Know_Nothings"
103630,"Know_It_Alls"
103631,"Federalists"
103632,"Know_It_Alls"
103633,"Know_Nothings"
103634,"Know_It_Alls"
103635,"Know_Nothings"
103636,"Federalists"
103637,"Know_It_Alls"
103638,"Federalists"
103639,"Know_Somethings"
103640,"Know_Nothings"
103641,"Federalists"
103642,"Federalists"
103643,"Know_It_Alls"
103644,"Federalists"
103645,"Federalists"
103646,"Know_It_Alls"
103647,"Know_Nothings"
103648,"Federalists"
103649,"Know_Nothings"
103650,"Know_Nothings"
103651,"Know_Nothings"
103652,"Federalists"
103653,"Know_Nothings"
103654,"Federalists"
103655,"Know_Nothings"
103656,"Know_It_Alls"
103657,"Know_Nothings"
103658,"Know_Nothings"
103659,"Federalists"
103660,"Federalists"
103661,"Federalists"
103662,"Federalists"
103663,"Know_Nothings"
103664,"Know_Nothings"
103665,"Know_Nothings"
103666,"Know_It_Alls"
103667,"Federalists"
103668,"Know_Somethings"
103669,"Know_It_Alls"
103670,"Know_It_Alls"
103671,"Know_It_Alls"
103672,"Know_It_Alls"
103673,"Know_It_Alls"
103674,"Know_Somethings"
103675,"Know_Nothings"
103676,"Know_Nothings"
103677,"Know_It_Alls"
103678,"Federalists"
103679,"Know_It_Alls"
103680,"Federalists"
103681,"Know_Nothings"
103682,"Federalists"
103683,"Federalists"
103684,"Know_Nothings"
103685,"Federalists"
103686,"Federalists"
103687,"Know_Nothings"
103688,"Federalists"
103689,"Know_Nothings"
103690,"Federalists"
103691,"Know_It_Alls"
103692,"Know_Nothings"
103693,"Know_Nothings"
103694,"Know_It_Alls"
103695,"Know_It_Alls"
103696,"Know_It_Alls"
103697,"Federalists"
103698,"Know_It_Alls"
103699,"Know_Nothings"
103700,"Federalists"
103701,"Know_It_Alls"
103702,"Know_It_Alls"
103703,"Know_It_Alls"
103704,"Know_Nothings"
103705,"Know_Nothings"
103706,"Know_Nothings"
103707,"Know_It_Alls"
103708,"Federalists"
103709,"Know_It_Alls"
103710,"Know_Nothings"
103711,"Know_It_Alls"
103712,"Know_Nothings"
103713,"Know_Nothings"
103714,"Federalists"
103715,"Federalists"
103716,"Federalists"
103717,"Know_It_Alls"
103718,"Federalists"
103719,"Know_It_Alls"
103720,"Know_Nothings"
103721,"Know_Nothings"
103722,"Federalists"
103723,"Know_Nothings"
103724,"Know_It_Alls"
103725,"Federalists"
103726,"Federalists"
103727,"Federalists"
103728,"Know_Nothings"
103729,"Federalists"
103730,"Know_Nothings"
103731,"Federalists"
103732,"Know_Nothings"
103733,"Know_It_Alls"
103734,"Know_Nothings"
103735,"Know_Nothings"
103736,"Know_Nothings"
103737,"Know_Nothings"
103738,"Know_Nothings"
103739,"Know_Nothings"
103740,"Know_Nothings"
103741,"Federalists"
103742,"Know_Nothings"
103743,"Know_It_Alls"
103744,"Know_It_Alls"
103745,"Know_It_Alls"
103746,"Know_Nothings"
103747,"Know_Somethings"
103748,"Federalists"
103749,"Know_It_Alls"
103750,"Know_Nothings"
103751,"Know_Nothings"
103752,"Know_It_Alls"
103753,"Know_Nothings"
103754,"Know_Somethings"
103755,"Know_Somethings"
103756,"Know_Nothings"
103757,"Federalists"
103758,"Know_Somethings"
103759,"Federalists"
103760,"Federalists"
103761,"Know_It_Alls"
103762,"Federalists"
103763,"Know_It_Alls"
103764,"Know_Somethings"
103765,"Know_It_Alls"
103766,"Federalists"
103767,"Federalists"
103768,"Know_Nothings"
103769,"Know_Nothings"
103770,"Know_Nothings"
103771,"Know_Nothings"
103772,"Federalists"
103773,"Know_Nothings"
103774,"Know_Nothings"
103775,"Federalists"
103776,"Know_Nothings"
103777,"Know_Nothings"
103778,"Know_Nothings"
103779,"Know_Nothings"
103780,"Know_It_Alls"
103781,"Know_Nothings"
103782,"Federalists"
103783,"Know_Nothings"
103784,"Federalists"
103785,"Federalists"
103786,"Know_Somethings"
103787,"Federalists"
103788,"Federalists"
103789,"Know_Nothings"
103790,"Know_Somethings"
103791,"Know_Nothings"
103792,"Federalists"
103793,"Know_Nothings"
103794,"Know_It_Alls"
103795,"Know_It_Alls"
103796,"Federalists"
103797,"Know_Nothings"
103798,"Know_Nothings"
103799,"Know_Nothings"
103800,"Know_It_Alls"
103801,"Know_Nothings"
103802,"Federalists"
103803,"Know_Nothings"
103804,"Federalists"
103805,"Know_Nothings"
103806,"Know_Nothings"
103807,"Federalists"
103808,"Know_Nothings"
103809,"Federalists"
103810,"Know_Nothings"
103811,"Know_Nothings"
103812,"Federalists"
103813,"Know_Somethings"
103814,"Know_Nothings"
103815,"Know_Nothings"
103816,"Federalists"
103817,"Federalists"
103818,"Federalists"
103819,"Federalists"
103820,"Know_It_Alls"
103821,"Know_Nothings"
103822,"Federalists"
103823,"Federalists"
103824,"Know_It_Alls"
103825,"Know_Nothings"
103826,"Know_It_Alls"
103827,"Federalists"
103828,"Know_Nothings"
103829,"Know_It_Alls"
103830,"Know_Nothings"
103831,"Know_It_Alls"
103832,"Know_Nothings"
103833,"Federalists"
103834,"Know_It_Alls"
103835,"Federalists"
103836,"Federalists"
103837,"Know_It_Alls"
103838,"Federalists"
103839,"Federalists"
103840,"Know_Somethings"
103841,"Federalists"
103842,"Know_Somethings"
103843,"Know_Nothings"
103844,"Federalists"
103845,"Know_Nothings"
103846,"Know_It_Alls"
103847,"Know_Nothings"
103848,"Know_Nothings"
103849,"Federalists"
103850,"Know_Nothings"
103851,"Federalists"
103852,"Know_Nothings"
103853,"Know_It_Alls"
103854,"Federalists"
103855,"Know_Somethings"
103856,"Know_Nothings"
103857,"Know_It_Alls"
103858,"Know_Nothings"
103859,"Federalists"
103860,"Federalists"
103861,"Federalists"
103862,"Federalists"
103863,"Know_It_Alls"
103864,"Know_Nothings"
103865,"Know_Somethings"
103866,"Federalists"
103867,"Know_It_Alls"
103868,"Federalists"
103869,"Federalists"
103870,"Federalists"
103871,"Know_Nothings"
103872,"Know_Nothings"
103873,"Know_Nothings"
103874,"Know_It_Alls"
103875,"Know_Nothings"
103876,"Federalists"
103877,"Federalists"
103878,"Federalists"
103879,"Know_It_Alls"
103880,"Know_Nothings"
103881,"Federalists"
103882,"Federalists"
103883,"Know_Somethings"
103884,"Know_It_Alls"
103885,"Federalists"
103886,"Know_Nothings"
103887,"Know_Nothings"
103888,"Know_Nothings"
103889,"Know_It_Alls"
103890,"Know_It_Alls"
103891,"Know_It_Alls"
103892,"Federalists"
103893,"Know_It_Alls"
103894,"Know_It_Alls"
103895,"Federalists"
103896,"Know_It_Alls"
103897,"Federalists"
103898,"Federalists"
103899,"Know_It_Alls"
103900,"Federalists"
103901,"Know_It_Alls"
103902,"Know_Nothings"
103903,"Know_It_Alls"
103904,"Know_Nothings"
103905,"Federalists"
103906,"Know_It_Alls"
103907,"Federalists"
103908,"Know_Nothings"
103909,"Know_Somethings"
103910,"Federalists"
103911,"Know_Somethings"
103912,"Know_It_Alls"
103913,"Know_Nothings"
103914,"Know_Nothings"
103915,"Federalists"
103916,"Federalists"
103917,"Federalists"
103918,"Know_Nothings"
103919,"Know_It_Alls"
103920,"Federalists"
103921,"Know_It_Alls"
103922,"Know_Somethings"
103923,"Know_Nothings"
103924,"Know_It_Alls"
103925,"Federalists"
103926,"Know_Nothings"
103927,"Know_Nothings"
103928,"Know_It_Alls"
103929,"Know_Nothings"
103930,"Know_Nothings"
103931,"Federalists"
103932,"Know_It_Alls"
103933,"Know_Somethings"
103934,"Know_Nothings"
103935,"Know_It_Alls"
103936,"Federalists"
103937,"Know_It_Alls"
103938,"Know_Nothings"
103939,"Federalists"
103940,"Know_Nothings"
103941,"Federalists"
103942,"Know_Nothings"
103943,"Know_Nothings"
103944,"Federalists"
103945,"Know_Nothings"
103946,"Federalists"
103947,"Federalists"
103948,"Federalists"
103949,"Federalists"
103950,"Know_Nothings"
103951,"Know_Nothings"
103952,"Federalists"
103953,"Know_Nothings"
103954,"Federalists"
103955,"Know_Somethings"
103956,"Know_It_Alls"
103957,"Know_Nothings"
103958,"Know_Somethings"
103959,"Know_Nothings"
103960,"Know_Somethings"
103961,"Know_Nothings"
103962,"Know_Somethings"
103963,"Federalists"
103964,"Federalists"
103965,"Know_Nothings"
103966,"Know_It_Alls"
103967,"Federalists"
103968,"Know_Nothings"
103969,"Know_It_Alls"
103970,"Know_Nothings"
103971,"Federalists"
103972,"Federalists"
103973,"Federalists"
103974,"Know_Somethings"
103975,"Federalists"
103976,"Know_It_Alls"
103977,"Know_Nothings"
103978,"Know_It_Alls"
103979,"Know_Nothings"
103980,"Know_It_Alls"
103981,"Federalists"
103982,"Federalists"
103983,"Federalists"
103984,"Know_Somethings"
103985,"Know_Nothings"
103986,"Know_Nothings"
103987,"Know_It_Alls"
103988,"Know_It_Alls"
103989,"Know_Somethings"
103990,"Know_Nothings"
103991,"Federalists"
103992,"Know_It_Alls"
103993,"Know_Nothings"
103994,"Know_Somethings"
103995,"Federalists"
103996,"Federalists"
103997,"Know_It_Alls"
103998,"Federalists"
103999,"Know_Nothings"
